sku;imagen_1;imagen_2;nombre;marca;categoria;rubro;genero;talla;color;cantidad;precio;moneda;codigo_interno;codigo_barras;cargado
IM6483400;IM6483400-1.webp;IM6483400-2.webp;NIKE TERRA MANTA SUEDE AZUL/NARANJA;NIKE;Calzado deportivo;Calzados;hombre;10;AZUL;2;390000;PYG;22073;198481872602;2026-08-05
IM6483400;IM6483400-1.webp;IM6483400-2.webp;NIKE TERRA MANTA SUEDE AZUL/NARANJA;NIKE;Calzado deportivo;Calzados;hombre;105;AZUL;1;390000;PYG;22073;198481874064;2026-08-05
IM6483400;IM6483400-1.webp;IM6483400-2.webp;NIKE TERRA MANTA SUEDE AZUL/NARANJA;NIKE;Calzado deportivo;Calzados;hombre;11;AZUL;1;390000;PYG;22073;198481875207;2026-08-05
IM6483400;IM6483400-1.webp;IM6483400-2.webp;NIKE TERRA MANTA SUEDE AZUL/NARANJA;NIKE;Calzado deportivo;Calzados;hombre;8;AZUL;1;390000;PYG;22073;198481867851;2026-08-05
IM6483400;IM6483400-1.webp;IM6483400-2.webp;NIKE TERRA MANTA SUEDE AZUL/NARANJA;NIKE;Calzado deportivo;Calzados;hombre;12;AZUL;1;390000;PYG;22073;198481875269;2026-08-05
IM6483400;IM6483400-1.webp;IM6483400-2.webp;NIKE TERRA MANTA SUEDE AZUL/NARANJA;NIKE;Calzado deportivo;Calzados;hombre;13;AZUL;1;390000;PYG;22073;198481870677;2026-08-05
IM6483400;IM6483400-1.webp;IM6483400-2.webp;NIKE TERRA MANTA SUEDE AZUL/NARANJA;NIKE;Calzado deportivo;Calzados;hombre;8.5;AZUL;1;390000;PYG;22073;198481870981;2026-08-05
IM6483400;IM6483400-1.webp;IM6483400-2.webp;NIKE TERRA MANTA SUEDE AZUL/NARANJA;NIKE;Calzado deportivo;Calzados;hombre;9.5;AZUL;2;390000;PYG;22073;198481873050;2026-08-05
IM6483400;IM6483400-1.webp;IM6483400-2.webp;NIKE TERRA MANTA SUEDE AZUL/NARANJA;NIKE;Calzado deportivo;Calzados;hombre;115;AZUL;1;390000;PYG;22073;198481874330;2026-08-05
IM6483400;IM6483400-1.webp;IM6483400-2.webp;NIKE TERRA MANTA SUEDE AZUL/NARANJA;NIKE;Calzado deportivo;Calzados;hombre;9;AZUL;2;390000;PYG;22073;198481869954;2026-08-05
HQ4502400;HQ4502400-1.webp;HQ4502400-2.webp;NIKE TERRA MANTA AZUL/BLANCO;NIKE;Calzado deportivo;Calzados;hombre;10;AZUL;2;390000;PYG;22072;198481236855;2026-08-05
HQ4502400;HQ4502400-1.webp;HQ4502400-2.webp;NIKE TERRA MANTA AZUL/BLANCO;NIKE;Calzado deportivo;Calzados;hombre;115;AZUL;1;390000;PYG;22072;198481426669;2026-08-05
HQ4502400;HQ4502400-1.webp;HQ4502400-2.webp;NIKE TERRA MANTA AZUL/BLANCO;NIKE;Calzado deportivo;Calzados;hombre;8;AZUL;1;390000;PYG;22072;198481563784;2026-08-05
HQ4502400;HQ4502400-1.webp;HQ4502400-2.webp;NIKE TERRA MANTA AZUL/BLANCO;NIKE;Calzado deportivo;Calzados;hombre;11;AZUL;1;390000;PYG;22072;198481281435;2026-08-05
HQ4502400;HQ4502400-1.webp;HQ4502400-2.webp;NIKE TERRA MANTA AZUL/BLANCO;NIKE;Calzado deportivo;Calzados;hombre;105;AZUL;1;390000;PYG;22072;198481490752;2026-08-05
HQ4502400;HQ4502400-1.webp;HQ4502400-2.webp;NIKE TERRA MANTA AZUL/BLANCO;NIKE;Calzado deportivo;Calzados;hombre;7.5;AZUL;1;390000;PYG;22072;198481468409;2026-08-05
HQ4502400;HQ4502400-1.webp;HQ4502400-2.webp;NIKE TERRA MANTA AZUL/BLANCO;NIKE;Calzado deportivo;Calzados;hombre;8.5;AZUL;2;390000;PYG;22072;198481537600;2026-08-05
HQ4502400;HQ4502400-1.webp;HQ4502400-2.webp;NIKE TERRA MANTA AZUL/BLANCO;NIKE;Calzado deportivo;Calzados;hombre;9;AZUL;2;390000;PYG;22072;198481424979;2026-08-05
HQ4502400;HQ4502400-1.webp;HQ4502400-2.webp;NIKE TERRA MANTA AZUL/BLANCO;NIKE;Calzado deportivo;Calzados;hombre;9.5;AZUL;2;390000;PYG;22072;198481424184;2026-08-05
HQ4502400;HQ4502400-1.webp;HQ4502400-2.webp;NIKE TERRA MANTA AZUL/BLANCO;NIKE;Calzado deportivo;Calzados;hombre;12;AZUL;1;390000;PYG;22072;198481458875;2026-08-05
HF9538007;HF9538007-1.webp;HF9538007-2.webp;PUPERA NIKE VERDE;NIKE;Prendas;Prendas;mujer;M;VERDE;1;230000;PYG;22068;198729458964;2026-08-05
HF9538007;HF9538007-1.webp;HF9538007-2.webp;PUPERA NIKE VERDE;NIKE;Prendas;Prendas;mujer;L;VERDE;1;230000;PYG;22068;198729456311;2026-08-05
HF9538007;HF9538007-1.webp;HF9538007-2.webp;PUPERA NIKE VERDE;NIKE;Prendas;Prendas;mujer;XS;VERDE;1;230000;PYG;22068;198729457462;2026-08-05
IH1805901;IH1805901-1.webp;IH1805901-2.webp;NIKE TIEMPO MAESTRO ACADEMY TF ROSA/NEGRO;NIKE;Calzado deportivo;Calzados;hombre;4;ROSADO;2;475000;PYG;22065;198729891204;2026-08-05
IH1805901;IH1805901-1.webp;IH1805901-2.webp;NIKE TIEMPO MAESTRO ACADEMY TF ROSA/NEGRO;NIKE;Calzado deportivo;Calzados;hombre;1;ROSADO;1;475000;PYG;22065;198729891808;2026-08-05
IH1805901;IH1805901-1.webp;IH1805901-2.webp;NIKE TIEMPO MAESTRO ACADEMY TF ROSA/NEGRO;NIKE;Calzado deportivo;Calzados;hombre;6;ROSADO;2;475000;PYG;22065;198729898951;2026-08-05
IH1805901;IH1805901-1.webp;IH1805901-2.webp;NIKE TIEMPO MAESTRO ACADEMY TF ROSA/NEGRO;NIKE;Calzado deportivo;Calzados;hombre;2;ROSADO;1;475000;PYG;22065;198729900326;2026-08-05
IH1805901;IH1805901-1.webp;IH1805901-2.webp;NIKE TIEMPO MAESTRO ACADEMY TF ROSA/NEGRO;NIKE;Calzado deportivo;Calzados;hombre;5;ROSADO;2;475000;PYG;22065;198729893208;2026-08-05
IH1805901;IH1805901-1.webp;IH1805901-2.webp;NIKE TIEMPO MAESTRO ACADEMY TF ROSA/NEGRO;NIKE;Calzado deportivo;Calzados;hombre;3;ROSADO;2;475000;PYG;22065;198729892973;2026-08-05
IH1806901;IH1806901-1.webp;IH1806901-2.webp;NIKE TIEMPO STREETGATO IC BLANCO/ROSA;NIKE;Calzado deportivo;Calzados;unisex;1;BLANCO;1;475000;PYG;22064;198729888006;2026-08-05
IH1806901;IH1806901-1.webp;IH1806901-2.webp;NIKE TIEMPO STREETGATO IC BLANCO/ROSA;NIKE;Calzado deportivo;Calzados;unisex;3;BLANCO;1;475000;PYG;22064;198729894076;2026-08-05
IH1806901;IH1806901-1.webp;IH1806901-2.webp;NIKE TIEMPO STREETGATO IC BLANCO/ROSA;NIKE;Calzado deportivo;Calzados;unisex;5;BLANCO;2;475000;PYG;22064;198729888747;2026-08-05
IH1806901;IH1806901-1.webp;IH1806901-2.webp;NIKE TIEMPO STREETGATO IC BLANCO/ROSA;NIKE;Calzado deportivo;Calzados;unisex;4;BLANCO;1;475000;PYG;22064;198729887139;2026-08-05
FN8454300;FN8454300-1.webp;FN8454300-2.webp;NIKE ZOOM FLY 6 VERDE/AZUL;NIKE;Calzado deportivo;Calzados;hombre;11;VERDE;1;1215000;PYG;22063;198729800046;2026-08-05
FN8454300;FN8454300-1.webp;FN8454300-2.webp;NIKE ZOOM FLY 6 VERDE/AZUL;NIKE;Calzado deportivo;Calzados;hombre;10;VERDE;1;1215000;PYG;22063;198729846679;2026-08-05
FN8454300;FN8454300-1.webp;FN8454300-2.webp;NIKE ZOOM FLY 6 VERDE/AZUL;NIKE;Calzado deportivo;Calzados;hombre;7.5;VERDE;1;1215000;PYG;22063;198729825124;2026-08-05
FN8454300;FN8454300-1.webp;FN8454300-2.webp;NIKE ZOOM FLY 6 VERDE/AZUL;NIKE;Calzado deportivo;Calzados;hombre;9;VERDE;2;1215000;PYG;22063;198729838582;2026-08-05
FN8454300;FN8454300-1.webp;FN8454300-2.webp;NIKE ZOOM FLY 6 VERDE/AZUL;NIKE;Calzado deportivo;Calzados;hombre;8;VERDE;1;1215000;PYG;22063;198729815026;2026-08-05
FN8454300;FN8454300-1.webp;FN8454300-2.webp;NIKE ZOOM FLY 6 VERDE/AZUL;NIKE;Calzado deportivo;Calzados;hombre;9.5;VERDE;2;1215000;PYG;22063;198729822789;2026-08-05
FN8454300;FN8454300-1.webp;FN8454300-2.webp;NIKE ZOOM FLY 6 VERDE/AZUL;NIKE;Calzado deportivo;Calzados;hombre;105;VERDE;1;1215000;PYG;22063;198729781499;2026-08-05
FN8454300;FN8454300-1.webp;FN8454300-2.webp;NIKE ZOOM FLY 6 VERDE/AZUL;NIKE;Calzado deportivo;Calzados;hombre;8.5;VERDE;2;1215000;PYG;22063;198729803948;2026-08-05
HJ8485400;HJ8485400-1.webp;HJ8485400-2.webp;NIKE REVOLUTION 8 AZUL/BLANCO;NIKE;Calzado deportivo;Calzados;mujer;9;AZUL;1;475000;PYG;22061;198729552631;2026-08-05
HJ8485400;HJ8485400-1.webp;HJ8485400-2.webp;NIKE REVOLUTION 8 AZUL/BLANCO;NIKE;Calzado deportivo;Calzados;mujer;6;AZUL;1;475000;PYG;22061;198729541123;2026-08-05
HJ8485400;HJ8485400-1.webp;HJ8485400-2.webp;NIKE REVOLUTION 8 AZUL/BLANCO;NIKE;Calzado deportivo;Calzados;mujer;7;AZUL;1;475000;PYG;22061;198729560247;2026-08-05
HJ8485400;HJ8485400-1.webp;HJ8485400-2.webp;NIKE REVOLUTION 8 AZUL/BLANCO;NIKE;Calzado deportivo;Calzados;mujer;8;AZUL;1;475000;PYG;22061;198729538666;2026-08-05
HV8150404;HV8150404-1.webp;HV8150404-2.webp;NIKE VOMERO PLUS GRIS/NARANJA;NIKE;Calzado deportivo;Calzados;hombre;7.5;GRIS;1;1215000;PYG;22060;198729832603;2026-08-05
HV8150404;HV8150404-1.webp;HV8150404-2.webp;NIKE VOMERO PLUS GRIS/NARANJA;NIKE;Calzado deportivo;Calzados;hombre;10;GRIS;2;1215000;PYG;22060;198729652164;2026-08-05
HV8150404;HV8150404-1.webp;HV8150404-2.webp;NIKE VOMERO PLUS GRIS/NARANJA;NIKE;Calzado deportivo;Calzados;hombre;8;GRIS;1;1215000;PYG;22060;198729805317;2026-08-05
HV8150404;HV8150404-1.webp;HV8150404-2.webp;NIKE VOMERO PLUS GRIS/NARANJA;NIKE;Calzado deportivo;Calzados;hombre;11;GRIS;1;1215000;PYG;22060;198729638328;2026-08-05
HV8150404;HV8150404-1.webp;HV8150404-2.webp;NIKE VOMERO PLUS GRIS/NARANJA;NIKE;Calzado deportivo;Calzados;hombre;9;GRIS;2;1215000;PYG;22060;198729745651;2026-08-05
HV8150404;HV8150404-1.webp;HV8150404-2.webp;NIKE VOMERO PLUS GRIS/NARANJA;NIKE;Calzado deportivo;Calzados;hombre;9.5;GRIS;2;1215000;PYG;22060;198729790507;2026-08-05
HV8150404;HV8150404-1.webp;HV8150404-2.webp;NIKE VOMERO PLUS GRIS/NARANJA;NIKE;Calzado deportivo;Calzados;hombre;8.5;GRIS;1;1215000;PYG;22060;198729738646;2026-08-05
HV8150404;HV8150404-1.webp;HV8150404-2.webp;NIKE VOMERO PLUS GRIS/NARANJA;NIKE;Calzado deportivo;Calzados;hombre;105;GRIS;1;1215000;PYG;22060;198729865410;2026-08-05
HV8150301;HV8150301-1.webp;HV8150301-2.webp;NIKE VOMERO PLUS VERDE/BLANCO;NIKE;Calzado deportivo;Calzados;hombre;9;VERDE;2;1215000;PYG;22059;198729735119;2026-08-05
HV8150301;HV8150301-1.webp;HV8150301-2.webp;NIKE VOMERO PLUS VERDE/BLANCO;NIKE;Calzado deportivo;Calzados;hombre;9.5;VERDE;2;1215000;PYG;22059;198729807076;2026-08-05
HV8150301;HV8150301-1.webp;HV8150301-2.webp;NIKE VOMERO PLUS VERDE/BLANCO;NIKE;Calzado deportivo;Calzados;hombre;7.5;VERDE;1;1215000;PYG;22059;198729817211;2026-08-05
HV8150301;HV8150301-1.webp;HV8150301-2.webp;NIKE VOMERO PLUS VERDE/BLANCO;NIKE;Calzado deportivo;Calzados;hombre;105;VERDE;1;1215000;PYG;22059;198729867797;2026-08-05
HV8150301;HV8150301-1.webp;HV8150301-2.webp;NIKE VOMERO PLUS VERDE/BLANCO;NIKE;Calzado deportivo;Calzados;hombre;8;VERDE;1;1215000;PYG;22059;198729847515;2026-08-05
HV8150301;HV8150301-1.webp;HV8150301-2.webp;NIKE VOMERO PLUS VERDE/BLANCO;NIKE;Calzado deportivo;Calzados;hombre;11;VERDE;1;1215000;PYG;22059;198729830128;2026-08-05
HV8150301;HV8150301-1.webp;HV8150301-2.webp;NIKE VOMERO PLUS VERDE/BLANCO;NIKE;Calzado deportivo;Calzados;hombre;10;VERDE;2;1215000;PYG;22059;198729813138;2026-08-05
HV8150301;HV8150301-1.webp;HV8150301-2.webp;NIKE VOMERO PLUS VERDE/BLANCO;NIKE;Calzado deportivo;Calzados;hombre;8.5;VERDE;2;1215000;PYG;22059;198729822192;2026-08-05
IB1881602;IB1881602-1.webp;IB1881602-2.webp;NIKE AIR ZOOM PEGASUS 42 ROSA/LILA;NIKE;Calzado deportivo;Calzados;mujer;6;ROSA;1;1020000;PYG;22058;198959025141;2026-08-05
IB1881602;IB1881602-1.webp;IB1881602-2.webp;NIKE AIR ZOOM PEGASUS 42 ROSA/LILA;NIKE;Calzado deportivo;Calzados;mujer;6.5;ROSA;1;1020000;PYG;22058;198958993885;2026-08-05
IB1881602;IB1881602-1.webp;IB1881602-2.webp;NIKE AIR ZOOM PEGASUS 42 ROSA/LILA;NIKE;Calzado deportivo;Calzados;mujer;9;ROSA;1;1020000;PYG;22058;198959055667;2026-08-05
IB1881602;IB1881602-1.webp;IB1881602-2.webp;NIKE AIR ZOOM PEGASUS 42 ROSA/LILA;NIKE;Calzado deportivo;Calzados;mujer;8;ROSA;1;1020000;PYG;22058;198958993311;2026-08-05
IB1881602;IB1881602-1.webp;IB1881602-2.webp;NIKE AIR ZOOM PEGASUS 42 ROSA/LILA;NIKE;Calzado deportivo;Calzados;mujer;7.5;ROSA;2;1020000;PYG;22058;198958889843;2026-08-05
IB1881602;IB1881602-1.webp;IB1881602-2.webp;NIKE AIR ZOOM PEGASUS 42 ROSA/LILA;NIKE;Calzado deportivo;Calzados;mujer;8.5;ROSA;1;1020000;PYG;22058;198959059092;2026-08-05
IB1881602;IB1881602-1.webp;IB1881602-2.webp;NIKE AIR ZOOM PEGASUS 42 ROSA/LILA;NIKE;Calzado deportivo;Calzados;mujer;7;ROSA;2;1020000;PYG;22058;198958988188;2026-08-05
HV8154004;HV8154004-1.webp;HV8154004-2.webp;NIKE VOMERO PLUS VERDE/BLANCO;NIKE;Calzado deportivo;Calzados;mujer;6;VERDE;1;1215000;PYG;22057;198729762498;2026-08-05
HV8154004;HV8154004-1.webp;HV8154004-2.webp;NIKE VOMERO PLUS VERDE/BLANCO;NIKE;Calzado deportivo;Calzados;mujer;6.5;VERDE;1;1215000;PYG;22057;198729778055;2026-08-05
HV8154004;HV8154004-1.webp;HV8154004-2.webp;NIKE VOMERO PLUS VERDE/BLANCO;NIKE;Calzado deportivo;Calzados;mujer;8;VERDE;2;1215000;PYG;22057;198729869883;2026-08-05
HV8154004;HV8154004-1.webp;HV8154004-2.webp;NIKE VOMERO PLUS VERDE/BLANCO;NIKE;Calzado deportivo;Calzados;mujer;7;VERDE;2;1215000;PYG;22057;198729810786;2026-08-05
HV8154004;HV8154004-1.webp;HV8154004-2.webp;NIKE VOMERO PLUS VERDE/BLANCO;NIKE;Calzado deportivo;Calzados;mujer;8.5;VERDE;1;1215000;PYG;22057;198729643759;2026-08-05
10844702;10844702-1.webp;10844702-2.webp;PUMA SOLARSTRIKE W+4 BLANCO/LILA;PUMA;Calzado deportivo;Calzados;mujer;8.5;BLANCO;1;615000;PYG;22056;4070032923109;2026-08-05
10844702;10844702-1.webp;10844702-2.webp;PUMA SOLARSTRIKE W+4 BLANCO/LILA;PUMA;Calzado deportivo;Calzados;mujer;5;BLANCO;1;615000;PYG;22056;4070032923000;2026-08-05
10844702;10844702-1.webp;10844702-2.webp;PUMA SOLARSTRIKE W+4 BLANCO/LILA;PUMA;Calzado deportivo;Calzados;mujer;6;BLANCO;1;615000;PYG;22056;4070032923017;2026-08-05
10844702;10844702-1.webp;10844702-2.webp;PUMA SOLARSTRIKE W+4 BLANCO/LILA;PUMA;Calzado deportivo;Calzados;mujer;7;BLANCO;2;615000;PYG;22056;4070032923024;2026-08-05
10844702;10844702-1.webp;10844702-2.webp;PUMA SOLARSTRIKE W+4 BLANCO/LILA;PUMA;Calzado deportivo;Calzados;mujer;5.5;BLANCO;2;615000;PYG;22056;4070032923079;2026-08-05
10844702;10844702-1.webp;10844702-2.webp;PUMA SOLARSTRIKE W+4 BLANCO/LILA;PUMA;Calzado deportivo;Calzados;mujer;7.5;BLANCO;1;615000;PYG;22056;4070032923093;2026-08-05
40717702;40717702-1.webp;40717702-2.webp;PUMA ANZARUN VIVID NEGRO;PUMA;Calzado deportivo;Calzados;hombre;7.5;NEGRO;3;355000;PYG;22055;4070032631004;2026-08-05
40717702;40717702-1.webp;40717702-2.webp;PUMA ANZARUN VIVID NEGRO;PUMA;Calzado deportivo;Calzados;hombre;10;NEGRO;7;355000;PYG;22055;4070032630960;2026-08-05
40717702;40717702-1.webp;40717702-2.webp;PUMA ANZARUN VIVID NEGRO;PUMA;Calzado deportivo;Calzados;hombre;105;NEGRO;4;355000;PYG;22055;4070032630854;2026-08-05
40717702;40717702-1.webp;40717702-2.webp;PUMA ANZARUN VIVID NEGRO;PUMA;Calzado deportivo;Calzados;hombre;12;NEGRO;4;355000;PYG;22055;4070032630861;2026-08-05
40717702;40717702-1.webp;40717702-2.webp;PUMA ANZARUN VIVID NEGRO;PUMA;Calzado deportivo;Calzados;hombre;8.5;NEGRO;1;355000;PYG;22055;4070032631011;2026-08-05
40717702;40717702-1.webp;40717702-2.webp;PUMA ANZARUN VIVID NEGRO;PUMA;Calzado deportivo;Calzados;hombre;8;NEGRO;4;355000;PYG;22055;4070032630946;2026-08-05
40717702;40717702-1.webp;40717702-2.webp;PUMA ANZARUN VIVID NEGRO;PUMA;Calzado deportivo;Calzados;hombre;9;NEGRO;7;355000;PYG;22055;4070032630953;2026-08-05
40717702;40717702-1.webp;40717702-2.webp;PUMA ANZARUN VIVID NEGRO;PUMA;Calzado deportivo;Calzados;hombre;9.5;NEGRO;7;355000;PYG;22055;4070032631028;2026-08-05
40717702;40717702-1.webp;40717702-2.webp;PUMA ANZARUN VIVID NEGRO;PUMA;Calzado deportivo;Calzados;hombre;11;NEGRO;3;355000;PYG;22055;4070032631035;2026-08-05
40717703;40717703-1.webp;40717703-2.webp;PUMA ANZARUN VIVID NEGRO/BLANCO;PUMA;Calzado deportivo;Calzados;hombre;105;NEGRO;2;355000;PYG;22054;4070032631981;2026-08-05
40717703;40717703-1.webp;40717703-2.webp;PUMA ANZARUN VIVID NEGRO/BLANCO;PUMA;Calzado deportivo;Calzados;hombre;10;NEGRO;4;355000;PYG;22054;4070032632094;2026-08-05
40717703;40717703-1.webp;40717703-2.webp;PUMA ANZARUN VIVID NEGRO/BLANCO;PUMA;Calzado deportivo;Calzados;hombre;8.5;NEGRO;2;355000;PYG;22054;4070032632148;2026-08-05
40717703;40717703-1.webp;40717703-2.webp;PUMA ANZARUN VIVID NEGRO/BLANCO;PUMA;Calzado deportivo;Calzados;hombre;9;NEGRO;4;355000;PYG;22054;4070032632087;2026-08-05
40717703;40717703-1.webp;40717703-2.webp;PUMA ANZARUN VIVID NEGRO/BLANCO;PUMA;Calzado deportivo;Calzados;hombre;7.5;NEGRO;2;355000;PYG;22054;4070032632131;2026-08-05
40717703;40717703-1.webp;40717703-2.webp;PUMA ANZARUN VIVID NEGRO/BLANCO;PUMA;Calzado deportivo;Calzados;hombre;12;NEGRO;2;355000;PYG;22054;4070032631998;2026-08-05
40717703;40717703-1.webp;40717703-2.webp;PUMA ANZARUN VIVID NEGRO/BLANCO;PUMA;Calzado deportivo;Calzados;hombre;9.5;NEGRO;4;355000;PYG;22054;4070032632155;2026-08-05
40717703;40717703-1.webp;40717703-2.webp;PUMA ANZARUN VIVID NEGRO/BLANCO;PUMA;Calzado deportivo;Calzados;hombre;11;NEGRO;2;355000;PYG;22054;4070032632162;2026-08-05
40717703;40717703-1.webp;40717703-2.webp;PUMA ANZARUN VIVID NEGRO/BLANCO;PUMA;Calzado deportivo;Calzados;hombre;8;NEGRO;2;355000;PYG;22054;4070032632070;2026-08-05
40717705;40717705-1.webp;40717705-2.webp;PUMA ANZARUN VIVID AZUL/NARANJA;PUMA;Calzado deportivo;Calzados;hombre;10;AZUL;2;355000;PYG;22053;4070032632568;2026-08-05
40717705;40717705-1.webp;40717705-2.webp;PUMA ANZARUN VIVID AZUL/NARANJA;PUMA;Calzado deportivo;Calzados;hombre;12;AZUL;1;355000;PYG;22053;4070032632469;2026-08-05
40717705;40717705-1.webp;40717705-2.webp;PUMA ANZARUN VIVID AZUL/NARANJA;PUMA;Calzado deportivo;Calzados;hombre;11;AZUL;1;355000;PYG;22053;4070032632636;2026-08-05
40717705;40717705-1.webp;40717705-2.webp;PUMA ANZARUN VIVID AZUL/NARANJA;PUMA;Calzado deportivo;Calzados;hombre;8;AZUL;1;355000;PYG;22053;4070032632544;2026-08-05
40717705;40717705-1.webp;40717705-2.webp;PUMA ANZARUN VIVID AZUL/NARANJA;PUMA;Calzado deportivo;Calzados;hombre;9.5;AZUL;2;355000;PYG;22053;4070032632629;2026-08-05
40717705;40717705-1.webp;40717705-2.webp;PUMA ANZARUN VIVID AZUL/NARANJA;PUMA;Calzado deportivo;Calzados;hombre;9;AZUL;2;355000;PYG;22053;4070032632551;2026-08-05
40717705;40717705-1.webp;40717705-2.webp;PUMA ANZARUN VIVID AZUL/NARANJA;PUMA;Calzado deportivo;Calzados;hombre;8.5;AZUL;1;355000;PYG;22053;4070032632612;2026-08-05
40717705;40717705-1.webp;40717705-2.webp;PUMA ANZARUN VIVID AZUL/NARANJA;PUMA;Calzado deportivo;Calzados;hombre;7.5;AZUL;1;355000;PYG;22053;4070032632605;2026-08-05
40717705;40717705-1.webp;40717705-2.webp;PUMA ANZARUN VIVID AZUL/NARANJA;PUMA;Calzado deportivo;Calzados;hombre;105;AZUL;1;355000;PYG;22053;4070032632452;2026-08-05
40717704;40717704-1.webp;40717704-2.webp;PUMA ANZARUN VIVID GRIS/BLANCO;PUMA;Calzado deportivo;Calzados;hombre;10;GRIS;2;355000;PYG;22052;4070032631486;2026-08-05
40717704;40717704-1.webp;40717704-2.webp;PUMA ANZARUN VIVID GRIS/BLANCO;PUMA;Calzado deportivo;Calzados;hombre;8;GRIS;1;355000;PYG;22052;4070032631462;2026-08-05
40717704;40717704-1.webp;40717704-2.webp;PUMA ANZARUN VIVID GRIS/BLANCO;PUMA;Calzado deportivo;Calzados;hombre;11;GRIS;1;355000;PYG;22052;4070032631554;2026-08-05
40717704;40717704-1.webp;40717704-2.webp;PUMA ANZARUN VIVID GRIS/BLANCO;PUMA;Calzado deportivo;Calzados;hombre;12;GRIS;1;355000;PYG;22052;4070032631387;2026-08-05
40717704;40717704-1.webp;40717704-2.webp;PUMA ANZARUN VIVID GRIS/BLANCO;PUMA;Calzado deportivo;Calzados;hombre;7.5;GRIS;1;355000;PYG;22052;4070032631523;2026-08-05
40717704;40717704-1.webp;40717704-2.webp;PUMA ANZARUN VIVID GRIS/BLANCO;PUMA;Calzado deportivo;Calzados;hombre;8.5;GRIS;1;355000;PYG;22052;4070032631530;2026-08-05
40717704;40717704-1.webp;40717704-2.webp;PUMA ANZARUN VIVID GRIS/BLANCO;PUMA;Calzado deportivo;Calzados;hombre;105;GRIS;1;355000;PYG;22052;4070032631370;2026-08-05
40717704;40717704-1.webp;40717704-2.webp;PUMA ANZARUN VIVID GRIS/BLANCO;PUMA;Calzado deportivo;Calzados;hombre;9;GRIS;2;355000;PYG;22052;4070032631479;2026-08-05
40717704;40717704-1.webp;40717704-2.webp;PUMA ANZARUN VIVID GRIS/BLANCO;PUMA;Calzado deportivo;Calzados;hombre;9.5;GRIS;2;355000;PYG;22052;4070032631547;2026-08-05
40679110;40679110-1.webp;40679110-2.webp;PUMA MILENIO TECH LT;PUMA;Calzado deportivo;Calzados;hombre;11;;1;430000;PYG;22051;4070032640631;2026-08-05
40679110;40679110-1.webp;40679110-2.webp;PUMA MILENIO TECH LT;PUMA;Calzado deportivo;Calzados;hombre;7.5;;1;430000;PYG;22051;4070032640600;2026-08-05
40679110;40679110-1.webp;40679110-2.webp;PUMA MILENIO TECH LT;PUMA;Calzado deportivo;Calzados;hombre;105;;1;430000;PYG;22051;4070032640457;2026-08-05
40679110;40679110-1.webp;40679110-2.webp;PUMA MILENIO TECH LT;PUMA;Calzado deportivo;Calzados;hombre;10;;2;430000;PYG;22051;4070032640563;2026-08-05
40679110;40679110-1.webp;40679110-2.webp;PUMA MILENIO TECH LT;PUMA;Calzado deportivo;Calzados;hombre;8;;1;430000;PYG;22051;4070032640549;2026-08-05
40679110;40679110-1.webp;40679110-2.webp;PUMA MILENIO TECH LT;PUMA;Calzado deportivo;Calzados;hombre;9.5;;2;430000;PYG;22051;4070032640624;2026-08-05
40679110;40679110-1.webp;40679110-2.webp;PUMA MILENIO TECH LT;PUMA;Calzado deportivo;Calzados;hombre;9;;2;430000;PYG;22051;4070032640556;2026-08-05
40679110;40679110-1.webp;40679110-2.webp;PUMA MILENIO TECH LT;PUMA;Calzado deportivo;Calzados;hombre;12;;1;430000;PYG;22051;4070032640464;2026-08-05
40679110;40679110-1.webp;40679110-2.webp;PUMA MILENIO TECH LT;PUMA;Calzado deportivo;Calzados;hombre;8.5;;1;430000;PYG;22051;4070032640617;2026-08-05
40448606;40448606-1.webp;40448606-2.webp;PUMA CAVEN III ESD MARRON/BLANCO;PUMA;Calzado deportivo;Calzados;hombre;10;MARRON;2;495000;PYG;22050;4070032677613;2026-08-05
40448606;40448606-1.webp;40448606-2.webp;PUMA CAVEN III ESD MARRON/BLANCO;PUMA;Calzado deportivo;Calzados;hombre;9.5;MARRON;2;495000;PYG;22050;4070032677675;2026-08-05
40448606;40448606-1.webp;40448606-2.webp;PUMA CAVEN III ESD MARRON/BLANCO;PUMA;Calzado deportivo;Calzados;hombre;7.5;MARRON;1;495000;PYG;22050;4070032677651;2026-08-05
40448606;40448606-1.webp;40448606-2.webp;PUMA CAVEN III ESD MARRON/BLANCO;PUMA;Calzado deportivo;Calzados;hombre;8.5;MARRON;1;495000;PYG;22050;4070032677668;2026-08-05
40448606;40448606-1.webp;40448606-2.webp;PUMA CAVEN III ESD MARRON/BLANCO;PUMA;Calzado deportivo;Calzados;hombre;9;MARRON;2;495000;PYG;22050;4070032677606;2026-08-05
40448606;40448606-1.webp;40448606-2.webp;PUMA CAVEN III ESD MARRON/BLANCO;PUMA;Calzado deportivo;Calzados;hombre;8;MARRON;1;495000;PYG;22050;4070032677590;2026-08-05
40448606;40448606-1.webp;40448606-2.webp;PUMA CAVEN III ESD MARRON/BLANCO;PUMA;Calzado deportivo;Calzados;hombre;12;MARRON;1;495000;PYG;22050;4070032677514;2026-08-05
40448606;40448606-1.webp;40448606-2.webp;PUMA CAVEN III ESD MARRON/BLANCO;PUMA;Calzado deportivo;Calzados;hombre;105;MARRON;1;495000;PYG;22050;4070032677507;2026-08-05
40448606;40448606-1.webp;40448606-2.webp;PUMA CAVEN III ESD MARRON/BLANCO;PUMA;Calzado deportivo;Calzados;hombre;11;MARRON;1;495000;PYG;22050;4070032677682;2026-08-05
31258708;31258708-1.webp;31258708-2.webp;PUMA DARTER PRO 2 BLANCO;PUMA;Calzado deportivo;Calzados;hombre;10;BLANCO;2;520000;PYG;22049;4069162517210;2026-08-05
31258708;31258708-1.webp;31258708-2.webp;PUMA DARTER PRO 2 BLANCO;PUMA;Calzado deportivo;Calzados;hombre;11;BLANCO;1;520000;PYG;22049;4069162517289;2026-08-05
31258708;31258708-1.webp;31258708-2.webp;PUMA DARTER PRO 2 BLANCO;PUMA;Calzado deportivo;Calzados;hombre;7.5;BLANCO;1;520000;PYG;22049;4069162517258;2026-08-05
31258708;31258708-1.webp;31258708-2.webp;PUMA DARTER PRO 2 BLANCO;PUMA;Calzado deportivo;Calzados;hombre;8;BLANCO;1;520000;PYG;22049;4069162517197;2026-08-05
31258708;31258708-1.webp;31258708-2.webp;PUMA DARTER PRO 2 BLANCO;PUMA;Calzado deportivo;Calzados;hombre;8.5;BLANCO;1;520000;PYG;22049;4069162517265;2026-08-05
31258708;31258708-1.webp;31258708-2.webp;PUMA DARTER PRO 2 BLANCO;PUMA;Calzado deportivo;Calzados;hombre;9;BLANCO;2;520000;PYG;22049;4069162517203;2026-08-05
31258708;31258708-1.webp;31258708-2.webp;PUMA DARTER PRO 2 BLANCO;PUMA;Calzado deportivo;Calzados;hombre;12;BLANCO;1;520000;PYG;22049;4069162517111;2026-08-05
31258708;31258708-1.webp;31258708-2.webp;PUMA DARTER PRO 2 BLANCO;PUMA;Calzado deportivo;Calzados;hombre;105;BLANCO;1;520000;PYG;22049;4069162517104;2026-08-05
31258708;31258708-1.webp;31258708-2.webp;PUMA DARTER PRO 2 BLANCO;PUMA;Calzado deportivo;Calzados;hombre;9.5;BLANCO;2;520000;PYG;22049;4069162517272;2026-08-05
HQ0257010;HQ0257010-1.webp;HQ0257010-2.webp;GUANTE DE ARQUERO NIKE NEGRO/BLANCO;NIKE;Accesorios;Accesorios;unisex;6;NEGRO/BLANCO;2;225000;PYG;15385;197600451919;2026-08-05
HQ0257010;HQ0257010-1.webp;HQ0257010-2.webp;GUANTE DE ARQUERO NIKE NEGRO/BLANCO;NIKE;Accesorios;Accesorios;unisex;7;NEGRO/BLANCO;1;225000;PYG;15385;197600429970;2026-08-05
HQ0257010;HQ0257010-1.webp;HQ0257010-2.webp;GUANTE DE ARQUERO NIKE NEGRO/BLANCO;NIKE;Accesorios;Accesorios;unisex;8;NEGRO/BLANCO;2;225000;PYG;15385;197600428164;2026-08-05
FQ1833003;FQ1833003-1.webp;FQ1833003-2.webp;NIKE AIR MAX ALPHA TRAINER NEGRO;NIKE;Calzado deportivo;Calzados;hombre;105;NEGRO;1;700000;PYG;13756;197596691757;2026-08-05
FQ1833003;FQ1833003-1.webp;FQ1833003-2.webp;NIKE AIR MAX ALPHA TRAINER NEGRO;NIKE;Calzado deportivo;Calzados;hombre;8.5;NEGRO;1;700000;PYG;13756;197596344295;2026-08-05
FQ1833003;FQ1833003-1.webp;FQ1833003-2.webp;NIKE AIR MAX ALPHA TRAINER NEGRO;NIKE;Calzado deportivo;Calzados;hombre;11;NEGRO;2;700000;PYG;13756;197596555080;2026-08-05
FQ1833003;FQ1833003-1.webp;FQ1833003-2.webp;NIKE AIR MAX ALPHA TRAINER NEGRO;NIKE;Calzado deportivo;Calzados;hombre;12;NEGRO;2;700000;PYG;13756;197596132977;2026-08-05
FQ1833003;FQ1833003-1.webp;FQ1833003-2.webp;NIKE AIR MAX ALPHA TRAINER NEGRO;NIKE;Calzado deportivo;Calzados;hombre;10;NEGRO;4;700000;PYG;13756;197596643312;2026-08-05
FQ1833003;FQ1833003-1.webp;FQ1833003-2.webp;NIKE AIR MAX ALPHA TRAINER NEGRO;NIKE;Calzado deportivo;Calzados;hombre;9.5;NEGRO;3;700000;PYG;13756;197596383430;2026-08-05
FQ1833003;FQ1833003-1.webp;FQ1833003-2.webp;NIKE AIR MAX ALPHA TRAINER NEGRO;NIKE;Calzado deportivo;Calzados;hombre;8;NEGRO;2;700000;PYG;13756;197596751147;2026-08-05
FQ1833003;FQ1833003-1.webp;FQ1833003-2.webp;NIKE AIR MAX ALPHA TRAINER NEGRO;NIKE;Calzado deportivo;Calzados;hombre;9;NEGRO;3;700000;PYG;13756;197596960976;2026-08-05
37112851;37112851-1.webp;37112851-2.webp;PUMA ANZARUN NEGRO/ROSA;PUMA;Calzado deportivo;Calzados;mujer;5.5;NEGRO/ROSA;1;355000;PYG;13280;4065454855282;2026-08-05
37112851;37112851-1.webp;37112851-2.webp;PUMA ANZARUN NEGRO/ROSA;PUMA;Calzado deportivo;Calzados;mujer;6.5;NEGRO/ROSA;1;355000;PYG;13280;4065454855305;2026-08-05
37112851;37112851-1.webp;37112851-2.webp;PUMA ANZARUN NEGRO/ROSA;PUMA;Calzado deportivo;Calzados;mujer;6;NEGRO/ROSA;1;355000;PYG;13280;4065454855299;2026-08-05
DX7902010;DX7902010-1.webp;DX7902010-2.webp;REMERA NIKE NEGRO DAMA;NIKE;Indumentaria superior;Prendas;mujer;XS;NEGRO;1;165000;PYG;9344;196153998964;2026-08-05
CW9301010;CW9301010-1.webp;CW9301010-2.webp;MINI MOCHILA NIKE NEGRA;NIKE;Bolsos y mochilas;Accesorios;unisex;1;NEGRO;1;230000;PYG;8644;194956623380;2026-08-05
JH7394;JH7394-1.webp;JH7394-2.webp;ADIDAS SL 72 OG;ADIDAS;Calzado deportivo;Calzados;mujer;7.5;;2;810000;PYG;22030;4067894165105;2026-08-05
JH7394;JH7394-1.webp;JH7394-2.webp;ADIDAS SL 72 OG;ADIDAS;Calzado deportivo;Calzados;mujer;8;;2;810000;PYG;22030;4067894164962;2026-08-05
JH7394;JH7394-1.webp;JH7394-2.webp;ADIDAS SL 72 OG;ADIDAS;Calzado deportivo;Calzados;mujer;7;;2;810000;PYG;22030;4067894168762;2026-08-05
JH7394;JH7394-1.webp;JH7394-2.webp;ADIDAS SL 72 OG;ADIDAS;Calzado deportivo;Calzados;mujer;9;;1;810000;PYG;22030;4067894165013;2026-08-05
FN2328010;FN2328010-1.webp;FN2328010-2.webp;SHORT POLLERA NIKE NEGRO;NIKE;Indumentaria inferior;Prendas;mujer;L;NEGRO;1;450000;PYG;22029;196975096855;2026-08-05
IF1210006;IF1210006-1.webp;IF1210006-2.webp;CALZA NIKE VERDE;NIKE;Indumentaria inferior;Prendas;mujer;XS;VERDE;1;265000;PYG;22028;198729786951;2026-08-05
IF1210006;IF1210006-1.webp;IF1210006-2.webp;CALZA NIKE VERDE;NIKE;Indumentaria inferior;Prendas;mujer;XL;VERDE;1;265000;PYG;22028;198729755384;2026-08-05
IF1210006;IF1210006-1.webp;IF1210006-2.webp;CALZA NIKE VERDE;NIKE;Indumentaria inferior;Prendas;mujer;S;VERDE;1;265000;PYG;22028;198729866691;2026-08-05
HV0411010;HV0411010-1.webp;HV0411010-2.webp;SHORT NIKE NEGRO;NIKE;Indumentaria inferior;Prendas;hombre;S;NEGRO;1;360000;PYG;22027;198482337889;2026-08-05
HV0411010;HV0411010-1.webp;HV0411010-2.webp;SHORT NIKE NEGRO;NIKE;Indumentaria inferior;Prendas;hombre;XL;NEGRO;1;360000;PYG;22027;198482327507;2026-08-05
IF2056010;IF2056010-1.webp;IF2056010-2.webp;SHORT NIKE MILER NEGRO;NIKE;Indumentaria inferior;Prendas;hombre;XL;NEGRO;1;260000;PYG;22026;198728741593;2026-08-05
AR4997408;AR4997408-1.webp;AR4997408-2.webp;REMERA NIKE CLUB TEE CELESTE;NIKE;Indumentaria superior;Prendas;hombre;XL;CELESTE;1;165000;PYG;22023;198729274786;2026-08-05
AR4997408;AR4997408-1.webp;AR4997408-2.webp;REMERA NIKE CLUB TEE CELESTE;NIKE;Indumentaria superior;Prendas;hombre;M;CELESTE;1;165000;PYG;22023;198729315397;2026-08-05
AR4997408;AR4997408-1.webp;AR4997408-2.webp;REMERA NIKE CLUB TEE CELESTE;NIKE;Indumentaria superior;Prendas;hombre;L;CELESTE;1;165000;PYG;22023;198729446206;2026-08-05
DX7906006;DX7906006-1.webp;DX7906006-2.webp;REMERA NIKE CLUB TEE VERDE;NIKE;Indumentaria superior;Prendas;hombre;XS;VERDE;1;190000;PYG;22022;198729406767;2026-08-05
DX7906006;DX7906006-1.webp;DX7906006-2.webp;REMERA NIKE CLUB TEE VERDE;NIKE;Indumentaria superior;Prendas;hombre;S;VERDE;1;190000;PYG;22022;198729366603;2026-08-05
HQ3267301;HQ3267301-1.webp;HQ3267301-2.webp;NIKE STELLAR RIDE VERDE;NIKE;Calzado deportivo;Calzados;mujer;13;VERDE;1;450000;PYG;22020;198729243263;2026-08-05
HQ3267301;HQ3267301-1.webp;HQ3267301-2.webp;NIKE STELLAR RIDE VERDE;NIKE;Calzado deportivo;Calzados;mujer;12;VERDE;1;450000;PYG;22020;198729149442;2026-08-05
HQ3267301;HQ3267301-1.webp;HQ3267301-2.webp;NIKE STELLAR RIDE VERDE;NIKE;Calzado deportivo;Calzados;mujer;2;VERDE;2;450000;PYG;22020;198729078803;2026-08-05
HQ3267301;HQ3267301-1.webp;HQ3267301-2.webp;NIKE STELLAR RIDE VERDE;NIKE;Calzado deportivo;Calzados;mujer;1;VERDE;2;450000;PYG;22020;198729118554;2026-08-05
HQ3267301;HQ3267301-1.webp;HQ3267301-2.webp;NIKE STELLAR RIDE VERDE;NIKE;Calzado deportivo;Calzados;mujer;3;VERDE;2;450000;PYG;22020;198729134509;2026-08-05
HQ3267301;HQ3267301-1.webp;HQ3267301-2.webp;NIKE STELLAR RIDE VERDE;NIKE;Calzado deportivo;Calzados;mujer;11;VERDE;1;450000;PYG;22020;198729238580;2026-08-05
HQ3266301;HQ3266301-1.webp;HQ3266301-2.webp;NIKE STELLAR RIDE VERDE/BLANCO;NIKE;Calzado deportivo;Calzados;mujer;3.5;VERDE;1;480000;PYG;22019;198729252289;2026-08-05
HQ3266301;HQ3266301-1.webp;HQ3266301-2.webp;NIKE STELLAR RIDE VERDE/BLANCO;NIKE;Calzado deportivo;Calzados;mujer;4.5;VERDE;1;480000;PYG;22019;198729116543;2026-08-05
HQ3266301;HQ3266301-1.webp;HQ3266301-2.webp;NIKE STELLAR RIDE VERDE/BLANCO;NIKE;Calzado deportivo;Calzados;mujer;5;VERDE;2;480000;PYG;22019;198729111791;2026-08-05
HQ3266301;HQ3266301-1.webp;HQ3266301-2.webp;NIKE STELLAR RIDE VERDE/BLANCO;NIKE;Calzado deportivo;Calzados;mujer;5.5;VERDE;1;480000;PYG;22019;198729237774;2026-08-05
HQ3266301;HQ3266301-1.webp;HQ3266301-2.webp;NIKE STELLAR RIDE VERDE/BLANCO;NIKE;Calzado deportivo;Calzados;mujer;4;VERDE;1;480000;PYG;22019;198729050373;2026-08-05
HQ3266301;HQ3266301-1.webp;HQ3266301-2.webp;NIKE STELLAR RIDE VERDE/BLANCO;NIKE;Calzado deportivo;Calzados;mujer;6;VERDE;4;480000;PYG;22019;198729246066;2026-08-05
HQ3266301;HQ3266301-1.webp;HQ3266301-2.webp;NIKE STELLAR RIDE VERDE/BLANCO;NIKE;Calzado deportivo;Calzados;mujer;7;VERDE;1;480000;PYG;22019;198729240811;2026-08-05
HV9273600;HV9273600-1.webp;HV9273600-2.webp;NIKE AIR WINFLO 12 ROSA/BLANCO;NIKE;Calzado deportivo;Calzados;mujer;6.5;ROSADO;1;745000;PYG;22018;198728750755;2026-08-05
HV9273600;HV9273600-1.webp;HV9273600-2.webp;NIKE AIR WINFLO 12 ROSA/BLANCO;NIKE;Calzado deportivo;Calzados;mujer;9;ROSADO;1;745000;PYG;22018;198728749414;2026-08-05
HV9273600;HV9273600-1.webp;HV9273600-2.webp;NIKE AIR WINFLO 12 ROSA/BLANCO;NIKE;Calzado deportivo;Calzados;mujer;8.5;ROSADO;1;745000;PYG;22018;198728748608;2026-08-05
HV9273600;HV9273600-1.webp;HV9273600-2.webp;NIKE AIR WINFLO 12 ROSA/BLANCO;NIKE;Calzado deportivo;Calzados;mujer;7;ROSADO;1;745000;PYG;22018;198728748141;2026-08-05
HV9273600;HV9273600-1.webp;HV9273600-2.webp;NIKE AIR WINFLO 12 ROSA/BLANCO;NIKE;Calzado deportivo;Calzados;mujer;7.5;ROSADO;1;745000;PYG;22018;198728751523;2026-08-05
HV9273600;HV9273600-1.webp;HV9273600-2.webp;NIKE AIR WINFLO 12 ROSA/BLANCO;NIKE;Calzado deportivo;Calzados;mujer;8;ROSADO;2;745000;PYG;22018;198728753244;2026-08-05
FD6574110;FD6574110-1.webp;FD6574110-2.webp;NIKE COURT LITE 4 VERDE/BLANCO;NIKE;Calzado deportivo;Calzados;mujer;10;VERDE;2;550000;PYG;22015;198728775420;2026-08-05
FD6574110;FD6574110-1.webp;FD6574110-2.webp;NIKE COURT LITE 4 VERDE/BLANCO;NIKE;Calzado deportivo;Calzados;mujer;7.5;VERDE;1;550000;PYG;22015;198728775116;2026-08-05
FD6574110;FD6574110-1.webp;FD6574110-2.webp;NIKE COURT LITE 4 VERDE/BLANCO;NIKE;Calzado deportivo;Calzados;mujer;8;VERDE;1;550000;PYG;22015;198728776588;2026-08-05
FD6574110;FD6574110-1.webp;FD6574110-2.webp;NIKE COURT LITE 4 VERDE/BLANCO;NIKE;Calzado deportivo;Calzados;mujer;9;VERDE;1;550000;PYG;22015;198728773501;2026-08-05
FD6574110;FD6574110-1.webp;FD6574110-2.webp;NIKE COURT LITE 4 VERDE/BLANCO;NIKE;Calzado deportivo;Calzados;mujer;8.5;VERDE;1;550000;PYG;22015;198728775796;2026-08-05
FD6574110;FD6574110-1.webp;FD6574110-2.webp;NIKE COURT LITE 4 VERDE/BLANCO;NIKE;Calzado deportivo;Calzados;mujer;9.5;VERDE;1;550000;PYG;22015;198728773662;2026-08-05
HM6804500;HM6804500-1.webp;HM6804500-2.webp;NIKE VOMERO 18 ROSA;NIKE;Calzado deportivo;Calzados;mujer;7;ROSADO;1;1030000;PYG;22014;198959719910;2026-08-05
HM6804500;HM6804500-1.webp;HM6804500-2.webp;NIKE VOMERO 18 ROSA;NIKE;Calzado deportivo;Calzados;mujer;8;ROSADO;2;1030000;PYG;22014;198959555839;2026-08-05
HM6804500;HM6804500-1.webp;HM6804500-2.webp;NIKE VOMERO 18 ROSA;NIKE;Calzado deportivo;Calzados;mujer;7.5;ROSADO;1;1030000;PYG;22014;198959518810;2026-08-05
HM6804500;HM6804500-1.webp;HM6804500-2.webp;NIKE VOMERO 18 ROSA;NIKE;Calzado deportivo;Calzados;mujer;6;ROSADO;1;1030000;PYG;22014;198959504936;2026-08-05
31349914;31349914-1.webp;31349914-2.webp;PUMA FLYER LITE 4 GRIS/NEGRO;PUMA;Calzado deportivo;Calzados;hombre;9;GRIS;1;365000;PYG;21947;4070033025635;2026-07-18
31349914;31349914-1.webp;31349914-2.webp;PUMA FLYER LITE 4 GRIS/NEGRO;PUMA;Calzado deportivo;Calzados;hombre;10;GRIS;1;365000;PYG;21947;4070033025642;2026-07-18
31241301;31241301-1.webp;31241301-2.webp;PUMA SKYROCKET LITE 2 JR NEGRO/BLANCO;PUMA;Calzado deportivo;Calzados;;5;NEGRO;11;365000;PYG;21963;4069157199322;2026-07-18
31241301;31241301-1.webp;31241301-2.webp;PUMA SKYROCKET LITE 2 JR NEGRO/BLANCO;PUMA;Calzado deportivo;Calzados;;4.5;NEGRO;7;365000;PYG;21963;4069157199353;2026-07-18
31241301;31241301-1.webp;31241301-2.webp;PUMA SKYROCKET LITE 2 JR NEGRO/BLANCO;PUMA;Calzado deportivo;Calzados;;6;NEGRO;11;365000;PYG;21963;4069157199339;2026-07-18
31241301;31241301-1.webp;31241301-2.webp;PUMA SKYROCKET LITE 2 JR NEGRO/BLANCO;PUMA;Calzado deportivo;Calzados;;4;NEGRO;3;365000;PYG;21963;4069157199315;2026-07-18
31241301;31241301-1.webp;31241301-2.webp;PUMA SKYROCKET LITE 2 JR NEGRO/BLANCO;PUMA;Calzado deportivo;Calzados;;7;NEGRO;11;365000;PYG;21963;4069157199346;2026-07-18
31373601;31373601-1.webp;31373601-2.webp;PUMA POUNCE LITE 2 TRAIL NEGRO;PUMA;Calzado deportivo;Calzados;hombre;9;NEGRO;4;480000;PYG;21949;4070033019504;2026-07-18
31373601;31373601-1.webp;31373601-2.webp;PUMA POUNCE LITE 2 TRAIL NEGRO;PUMA;Calzado deportivo;Calzados;hombre;11;NEGRO;2;480000;PYG;21949;4070033019580;2026-07-18
31373601;31373601-1.webp;31373601-2.webp;PUMA POUNCE LITE 2 TRAIL NEGRO;PUMA;Calzado deportivo;Calzados;hombre;9.5;NEGRO;4;480000;PYG;21949;4070033019573;2026-07-18
31373601;31373601-1.webp;31373601-2.webp;PUMA POUNCE LITE 2 TRAIL NEGRO;PUMA;Calzado deportivo;Calzados;hombre;7.5;NEGRO;2;480000;PYG;21949;4070033019559;2026-07-18
31373601;31373601-1.webp;31373601-2.webp;PUMA POUNCE LITE 2 TRAIL NEGRO;PUMA;Calzado deportivo;Calzados;hombre;8.5;NEGRO;2;480000;PYG;21949;4070033019566;2026-07-18
31373601;31373601-1.webp;31373601-2.webp;PUMA POUNCE LITE 2 TRAIL NEGRO;PUMA;Calzado deportivo;Calzados;hombre;105;NEGRO;2;480000;PYG;21949;4070033019405;2026-07-18
31373601;31373601-1.webp;31373601-2.webp;PUMA POUNCE LITE 2 TRAIL NEGRO;PUMA;Calzado deportivo;Calzados;hombre;10;NEGRO;4;480000;PYG;21949;4070033019511;2026-07-18
31373601;31373601-1.webp;31373601-2.webp;PUMA POUNCE LITE 2 TRAIL NEGRO;PUMA;Calzado deportivo;Calzados;hombre;12;NEGRO;2;480000;PYG;21949;4070033019412;2026-07-18
31373601;31373601-1.webp;31373601-2.webp;PUMA POUNCE LITE 2 TRAIL NEGRO;PUMA;Calzado deportivo;Calzados;hombre;8;NEGRO;2;480000;PYG;21949;4070033019498;2026-07-18
69430401;69430401-1.webp;69430401-2.webp;SHORT PUMA CLAS NEGRO;PUMA;Indumentaria inferior;Prendas;hombre;L;NEGRO;2;225000;PYG;21926;4070033556856;2026-07-18
69430401;69430401-1.webp;69430401-2.webp;SHORT PUMA CLAS NEGRO;PUMA;Indumentaria inferior;Prendas;hombre;XL;NEGRO;2;225000;PYG;21926;4070033556818;2026-07-18
69430401;69430401-1.webp;69430401-2.webp;SHORT PUMA CLAS NEGRO;PUMA;Indumentaria inferior;Prendas;hombre;M;NEGRO;2;225000;PYG;21926;4070033556863;2026-07-18
69430401;69430401-1.webp;69430401-2.webp;SHORT PUMA CLAS NEGRO;PUMA;Indumentaria inferior;Prendas;hombre;XXL;NEGRO;1;225000;PYG;21926;4070033556870;2026-07-18
69430401;69430401-1.webp;69430401-2.webp;SHORT PUMA CLAS NEGRO;PUMA;Indumentaria inferior;Prendas;hombre;S;NEGRO;2;225000;PYG;21926;4070033556801;2026-07-18
68260416;68260416-1.webp;68260416-2.webp;SHORT PUMA ESS WOVEN AZUL;PUMA;Indumentaria inferior;Prendas;hombre;L;AZUL;2;170000;PYG;21925;4067984267788;2026-07-18
68260416;68260416-1.webp;68260416-2.webp;SHORT PUMA ESS WOVEN AZUL;PUMA;Indumentaria inferior;Prendas;hombre;S;AZUL;2;170000;PYG;21925;4067984267733;2026-07-18
68260416;68260416-1.webp;68260416-2.webp;SHORT PUMA ESS WOVEN AZUL;PUMA;Indumentaria inferior;Prendas;hombre;XL;AZUL;2;170000;PYG;21925;4067984267740;2026-07-18
68260416;68260416-1.webp;68260416-2.webp;SHORT PUMA ESS WOVEN AZUL;PUMA;Indumentaria inferior;Prendas;hombre;XXL;AZUL;1;170000;PYG;21925;4067984267801;2026-07-18
68260416;68260416-1.webp;68260416-2.webp;SHORT PUMA ESS WOVEN AZUL;PUMA;Indumentaria inferior;Prendas;hombre;M;AZUL;2;170000;PYG;21925;4067984267795;2026-07-18
31349607;31349607-1.webp;31349607-2.webp;PUMA POUNCE LITE 2 NEGRO/DORADO;PUMA;Calzado deportivo;Calzados;hombre;5;NEGRO;1;430000;PYG;21953;4070033271773;2026-07-18
31349607;31349607-1.webp;31349607-2.webp;PUMA POUNCE LITE 2 NEGRO/DORADO;PUMA;Calzado deportivo;Calzados;hombre;4.5;NEGRO;1;430000;PYG;21953;4070033271834;2026-07-18
31349607;31349607-1.webp;31349607-2.webp;PUMA POUNCE LITE 2 NEGRO/DORADO;PUMA;Calzado deportivo;Calzados;hombre;6;NEGRO;3;430000;PYG;21953;4070033271780;2026-07-18
31349607;31349607-1.webp;31349607-2.webp;PUMA POUNCE LITE 2 NEGRO/DORADO;PUMA;Calzado deportivo;Calzados;hombre;6.5;NEGRO;3;430000;PYG;21953;4070033271858;2026-07-18
31349607;31349607-1.webp;31349607-2.webp;PUMA POUNCE LITE 2 NEGRO/DORADO;PUMA;Calzado deportivo;Calzados;hombre;7.5;NEGRO;1;430000;PYG;21953;4070033271865;2026-07-18
31349607;31349607-1.webp;31349607-2.webp;PUMA POUNCE LITE 2 NEGRO/DORADO;PUMA;Calzado deportivo;Calzados;hombre;8.5;NEGRO;1;430000;PYG;21953;4070033271872;2026-07-18
31349607;31349607-1.webp;31349607-2.webp;PUMA POUNCE LITE 2 NEGRO/DORADO;PUMA;Calzado deportivo;Calzados;hombre;7;NEGRO;3;430000;PYG;21953;4070033271797;2026-07-18
31349607;31349607-1.webp;31349607-2.webp;PUMA POUNCE LITE 2 NEGRO/DORADO;PUMA;Calzado deportivo;Calzados;hombre;5.5;NEGRO;3;430000;PYG;21953;4070033271841;2026-07-18
31373603;31373603-1.webp;31373603-2.webp;PUMA POUNCE LITE 2 TRAIL VERDE/NEGRO;PUMA;Calzado deportivo;Calzados;hombre;9;VERDE;1;480000;PYG;21950;4070033027158;2026-07-18
31373603;31373603-1.webp;31373603-2.webp;PUMA POUNCE LITE 2 TRAIL VERDE/NEGRO;PUMA;Calzado deportivo;Calzados;hombre;12;VERDE;1;480000;PYG;21950;4070033027066;2026-07-18
31349912;31349912-1.webp;31349912-2.webp;PUMA FLYER LITE 4 ROSA/BLANCO;PUMA;Calzado deportivo;Calzados;mujer;5.5;ROSADO;4;365000;PYG;21960;4070033019153;2026-07-18
31349912;31349912-1.webp;31349912-2.webp;PUMA FLYER LITE 4 ROSA/BLANCO;PUMA;Calzado deportivo;Calzados;mujer;4.5;ROSADO;2;365000;PYG;21960;4070033019146;2026-07-18
31349912;31349912-1.webp;31349912-2.webp;PUMA FLYER LITE 4 ROSA/BLANCO;PUMA;Calzado deportivo;Calzados;mujer;6;ROSADO;3;365000;PYG;21960;4070033019092;2026-07-18
31349912;31349912-1.webp;31349912-2.webp;PUMA FLYER LITE 4 ROSA/BLANCO;PUMA;Calzado deportivo;Calzados;mujer;7;ROSADO;3;365000;PYG;21960;4070033019108;2026-07-18
31349912;31349912-1.webp;31349912-2.webp;PUMA FLYER LITE 4 ROSA/BLANCO;PUMA;Calzado deportivo;Calzados;mujer;8.5;ROSADO;2;365000;PYG;21960;4070033019184;2026-07-18
31349912;31349912-1.webp;31349912-2.webp;PUMA FLYER LITE 4 ROSA/BLANCO;PUMA;Calzado deportivo;Calzados;mujer;7.5;ROSADO;2;365000;PYG;21960;4070033019177;2026-07-18
31349912;31349912-1.webp;31349912-2.webp;PUMA FLYER LITE 4 ROSA/BLANCO;PUMA;Calzado deportivo;Calzados;mujer;5;ROSADO;2;365000;PYG;21960;4070033019085;2026-07-18
31349912;31349912-1.webp;31349912-2.webp;PUMA FLYER LITE 4 ROSA/BLANCO;PUMA;Calzado deportivo;Calzados;mujer;6.5;ROSADO;4;365000;PYG;21960;4070033019160;2026-07-18
31349708;31349708-1.webp;31349708-2.webp;PUMA MAXSTRIDE LITE ROSA;PUMA;Calzado deportivo;Calzados;mujer;4.5;ROSADO;1;460000;PYG;21958;4070033274491;2026-07-18
31349708;31349708-1.webp;31349708-2.webp;PUMA MAXSTRIDE LITE ROSA;PUMA;Calzado deportivo;Calzados;mujer;5;ROSADO;1;460000;PYG;21958;4070033274439;2026-07-18
31349708;31349708-1.webp;31349708-2.webp;PUMA MAXSTRIDE LITE ROSA;PUMA;Calzado deportivo;Calzados;mujer;5.5;ROSADO;2;460000;PYG;21958;4070033274507;2026-07-18
31349708;31349708-1.webp;31349708-2.webp;PUMA MAXSTRIDE LITE ROSA;PUMA;Calzado deportivo;Calzados;mujer;6.5;ROSADO;2;460000;PYG;21958;4070033274514;2026-07-18
31349708;31349708-1.webp;31349708-2.webp;PUMA MAXSTRIDE LITE ROSA;PUMA;Calzado deportivo;Calzados;mujer;7;ROSADO;2;460000;PYG;21958;4070033274453;2026-07-18
31349708;31349708-1.webp;31349708-2.webp;PUMA MAXSTRIDE LITE ROSA;PUMA;Calzado deportivo;Calzados;mujer;7.5;ROSADO;1;460000;PYG;21958;4070033274521;2026-07-18
31349708;31349708-1.webp;31349708-2.webp;PUMA MAXSTRIDE LITE ROSA;PUMA;Calzado deportivo;Calzados;mujer;8.5;ROSADO;1;460000;PYG;21958;4070033274538;2026-07-18
31349708;31349708-1.webp;31349708-2.webp;PUMA MAXSTRIDE LITE ROSA;PUMA;Calzado deportivo;Calzados;mujer;6;ROSADO;2;460000;PYG;21958;4070033274446;2026-07-18
31234601;31234601-1.webp;31234601-2.webp;PUMA SKYROCKET LITE 2 WIDE NEGRO/GRIS;PUMA;Calzado deportivo;Calzados;hombre;105;NEGRO;2;375000;PYG;21959;4069156449381;2026-07-18
31234601;31234601-1.webp;31234601-2.webp;PUMA SKYROCKET LITE 2 WIDE NEGRO/GRIS;PUMA;Calzado deportivo;Calzados;hombre;12;NEGRO;2;375000;PYG;21959;4069156449398;2026-07-18
31234601;31234601-1.webp;31234601-2.webp;PUMA SKYROCKET LITE 2 WIDE NEGRO/GRIS;PUMA;Calzado deportivo;Calzados;hombre;11;NEGRO;2;375000;PYG;21959;4069156449565;2026-07-18
31234601;31234601-1.webp;31234601-2.webp;PUMA SKYROCKET LITE 2 WIDE NEGRO/GRIS;PUMA;Calzado deportivo;Calzados;hombre;8.5;NEGRO;2;375000;PYG;21959;4069156449541;2026-07-18
31234601;31234601-1.webp;31234601-2.webp;PUMA SKYROCKET LITE 2 WIDE NEGRO/GRIS;PUMA;Calzado deportivo;Calzados;hombre;9;NEGRO;4;375000;PYG;21959;4069156449480;2026-07-18
31234601;31234601-1.webp;31234601-2.webp;PUMA SKYROCKET LITE 2 WIDE NEGRO/GRIS;PUMA;Calzado deportivo;Calzados;hombre;9.5;NEGRO;4;375000;PYG;21959;4069156449558;2026-07-18
31234601;31234601-1.webp;31234601-2.webp;PUMA SKYROCKET LITE 2 WIDE NEGRO/GRIS;PUMA;Calzado deportivo;Calzados;hombre;8;NEGRO;2;375000;PYG;21959;4069156449473;2026-07-18
31234601;31234601-1.webp;31234601-2.webp;PUMA SKYROCKET LITE 2 WIDE NEGRO/GRIS;PUMA;Calzado deportivo;Calzados;hombre;7.5;NEGRO;2;375000;PYG;21959;4069156449534;2026-07-18
31234601;31234601-1.webp;31234601-2.webp;PUMA SKYROCKET LITE 2 WIDE NEGRO/GRIS;PUMA;Calzado deportivo;Calzados;hombre;10;NEGRO;4;375000;PYG;21959;4069156449497;2026-07-18
40446402;40446402-1.webp;40446402-2.webp;PUMA CLUB II INDOOR BLANCO/NEGRO;PUMA;Calzado deportivo;Calzados;hombre;105;BLANCO;1;380000;PYG;21964;4069161500640;2026-07-18
40446402;40446402-1.webp;40446402-2.webp;PUMA CLUB II INDOOR BLANCO/NEGRO;PUMA;Calzado deportivo;Calzados;hombre;11;BLANCO;1;380000;PYG;21964;4069161500824;2026-07-18
40446402;40446402-1.webp;40446402-2.webp;PUMA CLUB II INDOOR BLANCO/NEGRO;PUMA;Calzado deportivo;Calzados;hombre;10;BLANCO;2;380000;PYG;21964;4069161500756;2026-07-18
40446402;40446402-1.webp;40446402-2.webp;PUMA CLUB II INDOOR BLANCO/NEGRO;PUMA;Calzado deportivo;Calzados;hombre;8;BLANCO;1;380000;PYG;21964;4069161500732;2026-07-18
40446402;40446402-1.webp;40446402-2.webp;PUMA CLUB II INDOOR BLANCO/NEGRO;PUMA;Calzado deportivo;Calzados;hombre;8.5;BLANCO;1;380000;PYG;21964;4069161500800;2026-07-18
40446402;40446402-1.webp;40446402-2.webp;PUMA CLUB II INDOOR BLANCO/NEGRO;PUMA;Calzado deportivo;Calzados;hombre;12;BLANCO;1;380000;PYG;21964;4069161500657;2026-07-18
40446402;40446402-1.webp;40446402-2.webp;PUMA CLUB II INDOOR BLANCO/NEGRO;PUMA;Calzado deportivo;Calzados;hombre;9.5;BLANCO;1;380000;PYG;21964;4069161500817;2026-07-18
40446402;40446402-1.webp;40446402-2.webp;PUMA CLUB II INDOOR BLANCO/NEGRO;PUMA;Calzado deportivo;Calzados;hombre;7.5;BLANCO;1;380000;PYG;21964;4069161500794;2026-07-18
40446506;40446506-1.webp;40446506-2.webp;PUMA CLUB II INDOOR ESD BEIGE/BLANCO;PUMA;Calzado deportivo;Calzados;hombre;10;BEIGE;2;450000;PYG;21967;4070032621814;2026-07-18
40446506;40446506-1.webp;40446506-2.webp;PUMA CLUB II INDOOR ESD BEIGE/BLANCO;PUMA;Calzado deportivo;Calzados;hombre;8;BEIGE;1;450000;PYG;21967;4070032621791;2026-07-18
40446506;40446506-1.webp;40446506-2.webp;PUMA CLUB II INDOOR ESD BEIGE/BLANCO;PUMA;Calzado deportivo;Calzados;hombre;7.5;BEIGE;1;450000;PYG;21967;4070032621852;2026-07-18
40446506;40446506-1.webp;40446506-2.webp;PUMA CLUB II INDOOR ESD BEIGE/BLANCO;PUMA;Calzado deportivo;Calzados;hombre;9;BEIGE;2;450000;PYG;21967;4070032621807;2026-07-18
40446506;40446506-1.webp;40446506-2.webp;PUMA CLUB II INDOOR ESD BEIGE/BLANCO;PUMA;Calzado deportivo;Calzados;hombre;8.5;BEIGE;1;450000;PYG;21967;4070032621869;2026-07-18
40446506;40446506-1.webp;40446506-2.webp;PUMA CLUB II INDOOR ESD BEIGE/BLANCO;PUMA;Calzado deportivo;Calzados;hombre;105;BEIGE;1;450000;PYG;21967;4070032621708;2026-07-18
40446506;40446506-1.webp;40446506-2.webp;PUMA CLUB II INDOOR ESD BEIGE/BLANCO;PUMA;Calzado deportivo;Calzados;hombre;12;BEIGE;1;450000;PYG;21967;4070032621715;2026-07-18
40446506;40446506-1.webp;40446506-2.webp;PUMA CLUB II INDOOR ESD BEIGE/BLANCO;PUMA;Calzado deportivo;Calzados;hombre;9.5;BEIGE;2;450000;PYG;21967;4070032621876;2026-07-18
40446506;40446506-1.webp;40446506-2.webp;PUMA CLUB II INDOOR ESD BEIGE/BLANCO;PUMA;Calzado deportivo;Calzados;hombre;11;BEIGE;1;450000;PYG;21967;4070032621883;2026-07-18
31173048;31173048-1.webp;31173048-2.webp;PUMA SKYROCKET LITE 2 AZUL/BLANCO;PUMA;Calzado deportivo;Calzados;hombre;8;AZUL;1;365000;PYG;21969;4070033024171;2026-07-18
31173048;31173048-1.webp;31173048-2.webp;PUMA SKYROCKET LITE 2 AZUL/BLANCO;PUMA;Calzado deportivo;Calzados;hombre;105;AZUL;1;365000;PYG;21969;4070033024089;2026-07-18
31173048;31173048-1.webp;31173048-2.webp;PUMA SKYROCKET LITE 2 AZUL/BLANCO;PUMA;Calzado deportivo;Calzados;hombre;9.5;AZUL;2;365000;PYG;21969;4070033024256;2026-07-18
31173048;31173048-1.webp;31173048-2.webp;PUMA SKYROCKET LITE 2 AZUL/BLANCO;PUMA;Calzado deportivo;Calzados;hombre;10;AZUL;2;365000;PYG;21969;4070033024195;2026-07-18
31173048;31173048-1.webp;31173048-2.webp;PUMA SKYROCKET LITE 2 AZUL/BLANCO;PUMA;Calzado deportivo;Calzados;hombre;11;AZUL;1;365000;PYG;21969;4070033024263;2026-07-18
31173048;31173048-1.webp;31173048-2.webp;PUMA SKYROCKET LITE 2 AZUL/BLANCO;PUMA;Calzado deportivo;Calzados;hombre;7.5;AZUL;1;365000;PYG;21969;4070033024232;2026-07-18
31173048;31173048-1.webp;31173048-2.webp;PUMA SKYROCKET LITE 2 AZUL/BLANCO;PUMA;Calzado deportivo;Calzados;hombre;8.5;AZUL;1;365000;PYG;21969;4070033024249;2026-07-18
31173048;31173048-1.webp;31173048-2.webp;PUMA SKYROCKET LITE 2 AZUL/BLANCO;PUMA;Calzado deportivo;Calzados;hombre;9;AZUL;2;365000;PYG;21969;4070033024188;2026-07-18
31173048;31173048-1.webp;31173048-2.webp;PUMA SKYROCKET LITE 2 AZUL/BLANCO;PUMA;Calzado deportivo;Calzados;hombre;12;AZUL;1;365000;PYG;21969;4070033024096;2026-07-18
31173050;31173050-1.webp;31173050-2.webp;PUMA SKYROCKET LITE 2 GRIS/BLANCO;PUMA;Calzado deportivo;Calzados;hombre;9;GRIS;4;365000;PYG;21968;4070033029572;2026-07-18
31173050;31173050-1.webp;31173050-2.webp;PUMA SKYROCKET LITE 2 GRIS/BLANCO;PUMA;Calzado deportivo;Calzados;hombre;12;GRIS;2;365000;PYG;21968;4070033029480;2026-07-18
31173050;31173050-1.webp;31173050-2.webp;PUMA SKYROCKET LITE 2 GRIS/BLANCO;PUMA;Calzado deportivo;Calzados;hombre;9.5;GRIS;4;365000;PYG;21968;4070033029640;2026-07-18
31173050;31173050-1.webp;31173050-2.webp;PUMA SKYROCKET LITE 2 GRIS/BLANCO;PUMA;Calzado deportivo;Calzados;hombre;8;GRIS;2;365000;PYG;21968;4070033029565;2026-07-18
31173050;31173050-1.webp;31173050-2.webp;PUMA SKYROCKET LITE 2 GRIS/BLANCO;PUMA;Calzado deportivo;Calzados;hombre;10;GRIS;4;365000;PYG;21968;4070033029589;2026-07-18
31173050;31173050-1.webp;31173050-2.webp;PUMA SKYROCKET LITE 2 GRIS/BLANCO;PUMA;Calzado deportivo;Calzados;hombre;7.5;GRIS;2;365000;PYG;21968;4070033029626;2026-07-18
31173050;31173050-1.webp;31173050-2.webp;PUMA SKYROCKET LITE 2 GRIS/BLANCO;PUMA;Calzado deportivo;Calzados;hombre;8.5;GRIS;2;365000;PYG;21968;4070033029633;2026-07-18
31173050;31173050-1.webp;31173050-2.webp;PUMA SKYROCKET LITE 2 GRIS/BLANCO;PUMA;Calzado deportivo;Calzados;hombre;11;GRIS;2;365000;PYG;21968;4070033029657;2026-07-18
31173050;31173050-1.webp;31173050-2.webp;PUMA SKYROCKET LITE 2 GRIS/BLANCO;PUMA;Calzado deportivo;Calzados;hombre;105;GRIS;2;365000;PYG;21968;4070033029473;2026-07-18
69403649;69403649-1.webp;69403649-2.webp;PANTALON PUMA ROSA;PUMA;Indumentaria inferior;Prendas;mujer;L;ROSADO;1;340000;PYG;21971;4070033455906;2026-07-18
69403649;69403649-1.webp;69403649-2.webp;PANTALON PUMA ROSA;PUMA;Indumentaria inferior;Prendas;mujer;M;ROSADO;2;340000;PYG;21971;4070033455913;2026-07-18
69403649;69403649-1.webp;69403649-2.webp;PANTALON PUMA ROSA;PUMA;Indumentaria inferior;Prendas;mujer;S;ROSADO;1;340000;PYG;21971;4070033455876;2026-07-18
69403649;69403649-1.webp;69403649-2.webp;PANTALON PUMA ROSA;PUMA;Indumentaria inferior;Prendas;mujer;XL;ROSADO;1;340000;PYG;21971;4070033455883;2026-07-18
69403649;69403649-1.webp;69403649-2.webp;PANTALON PUMA ROSA;PUMA;Indumentaria inferior;Prendas;mujer;XS;ROSADO;2;340000;PYG;21971;4070033455890;2026-07-18
69394682;69394682-1.webp;69394682-2.webp;REMERA PUMA GRIS/BEIGE;PUMA;Indumentaria superior;Prendas;hombre;L;GRIS;2;170000;PYG;21980;4070033453742;2026-07-18
69394682;69394682-1.webp;69394682-2.webp;REMERA PUMA GRIS/BEIGE;PUMA;Indumentaria superior;Prendas;hombre;XL;GRIS;2;170000;PYG;21980;4070033453704;2026-07-18
69394682;69394682-1.webp;69394682-2.webp;REMERA PUMA GRIS/BEIGE;PUMA;Indumentaria superior;Prendas;hombre;S;GRIS;2;170000;PYG;21980;4070033453698;2026-07-18
69394682;69394682-1.webp;69394682-2.webp;REMERA PUMA GRIS/BEIGE;PUMA;Indumentaria superior;Prendas;hombre;M;GRIS;2;170000;PYG;21980;4070033453759;2026-07-18
69394682;69394682-1.webp;69394682-2.webp;REMERA PUMA GRIS/BEIGE;PUMA;Indumentaria superior;Prendas;hombre;XXL;GRIS;1;170000;PYG;21980;4070033453766;2026-07-18
31241306;31241306-1.webp;31241306-2.webp;PUMA SKYROCKET LITE 2 JR ROSA/NEGRO;PUMA;Calzado deportivo;Calzados;mujer;4;ROSADO;1;365000;PYG;21961;4069157199667;2026-07-18
31241306;31241306-1.webp;31241306-2.webp;PUMA SKYROCKET LITE 2 JR ROSA/NEGRO;PUMA;Calzado deportivo;Calzados;mujer;4.5;ROSADO;1;365000;PYG;21961;4069157199704;2026-07-18
31241306;31241306-1.webp;31241306-2.webp;PUMA SKYROCKET LITE 2 JR ROSA/NEGRO;PUMA;Calzado deportivo;Calzados;mujer;6;ROSADO;2;365000;PYG;21961;4069157199681;2026-07-18
31241306;31241306-1.webp;31241306-2.webp;PUMA SKYROCKET LITE 2 JR ROSA/NEGRO;PUMA;Calzado deportivo;Calzados;mujer;7;ROSADO;2;365000;PYG;21961;4069157199698;2026-07-18
31241306;31241306-1.webp;31241306-2.webp;PUMA SKYROCKET LITE 2 JR ROSA/NEGRO;PUMA;Calzado deportivo;Calzados;mujer;5;ROSADO;2;365000;PYG;21961;4069157199674;2026-07-18
JV9902;JV9902-1.webp;JV9902-2.webp;HOODDIE ADIDAS BL AZUL;ADIDAS;Conjuntos y abrigos;Prendas;mujer;XL;AZUL;1;295000;PYG;21858;4068808234511;2026-07-13
JV9902;JV9902-1.webp;JV9902-2.webp;HOODDIE ADIDAS BL AZUL;ADIDAS;Conjuntos y abrigos;Prendas;mujer;M;AZUL;2;295000;PYG;21858;4068808234580;2026-07-13
JV9902;JV9902-1.webp;JV9902-2.webp;HOODDIE ADIDAS BL AZUL;ADIDAS;Conjuntos y abrigos;Prendas;mujer;L;AZUL;2;295000;PYG;21858;4068808234559;2026-07-13
KD9568;KD9568-1.webp;KD9568-2.webp;PANTALON ADIDAS LIN AZUL;ADIDAS;Indumentaria inferior;Prendas;hombre;S;AZUL;1;295000;PYG;21856;4068822118989;2026-07-13
KD9568;KD9568-1.webp;KD9568-2.webp;PANTALON ADIDAS LIN AZUL;ADIDAS;Indumentaria inferior;Prendas;hombre;M;AZUL;2;295000;PYG;21856;4068822111393;2026-07-13
KD9568;KD9568-1.webp;KD9568-2.webp;PANTALON ADIDAS LIN AZUL;ADIDAS;Indumentaria inferior;Prendas;hombre;XL;AZUL;1;295000;PYG;21856;4068822111430;2026-07-13
KD9568;KD9568-1.webp;KD9568-2.webp;PANTALON ADIDAS LIN AZUL;ADIDAS;Indumentaria inferior;Prendas;hombre;L;AZUL;1;295000;PYG;21856;4068822119009;2026-07-13
KD2227;KD2227-1.webp;KD2227-2.webp;TOP ADIDAS OPTIME ROSA;ADIDAS;Indumentaria superior;Prendas;mujer;L;ROSA;1;320000;PYG;21866;4068815299657;2026-07-13
KD2227;KD2227-1.webp;KD2227-2.webp;TOP ADIDAS OPTIME ROSA;ADIDAS;Indumentaria superior;Prendas;mujer;M;ROSA;1;320000;PYG;21866;4068815299732;2026-07-13
KD2227;KD2227-1.webp;KD2227-2.webp;TOP ADIDAS OPTIME ROSA;ADIDAS;Indumentaria superior;Prendas;mujer;S;ROSA;2;320000;PYG;21866;4068815295994;2026-07-13
KD2227;KD2227-1.webp;KD2227-2.webp;TOP ADIDAS OPTIME ROSA;ADIDAS;Indumentaria superior;Prendas;mujer;XS;ROSA;1;320000;PYG;21866;4068815299725;2026-07-13
JZ0832;JZ0832-1.webp;JZ0832-2.webp;CALZA ADIDAS ROSA;ADIDAS;Indumentaria inferior;Prendas;mujer;XS;ROSA;1;255000;PYG;21864;4068822129596;2026-07-13
JZ0832;JZ0832-1.webp;JZ0832-2.webp;CALZA ADIDAS ROSA;ADIDAS;Indumentaria inferior;Prendas;mujer;L;ROSA;1;255000;PYG;21864;4068822133364;2026-07-13
KB7920;KB7920-1.webp;KB7920-2.webp;PUPERA ADIDAS TANK VERDE;ADIDAS;Indumentaria superior;Prendas;mujer;M;VERDE;1;190000;PYG;21878;4068822080293;2026-07-13
KB7920;KB7920-1.webp;KB7920-2.webp;PUPERA ADIDAS TANK VERDE;ADIDAS;Indumentaria superior;Prendas;mujer;S;VERDE;1;190000;PYG;21878;4068822083911;2026-07-13
JN6892;JN6892-1.webp;JN6892-2.webp;TOP ADIDAS NEGRO;ADIDAS;Indumentaria superior;Prendas;mujer;S;NEGRO;2;255000;PYG;21863;4068821718296;2026-07-13
JN6892;JN6892-1.webp;JN6892-2.webp;TOP ADIDAS NEGRO;ADIDAS;Indumentaria superior;Prendas;mujer;XS;NEGRO;1;255000;PYG;21863;4068821718289;2026-07-13
KD1429;KD1429-1.webp;KD1429-2.webp;REMERA ADIDAS FLAG GRIS;ADIDAS;Indumentaria superior;Prendas;hombre;XL;GRIS;1;295000;PYG;21868;4068822212557;2026-07-13
KD1429;KD1429-1.webp;KD1429-2.webp;REMERA ADIDAS FLAG GRIS;ADIDAS;Indumentaria superior;Prendas;hombre;M;GRIS;2;295000;PYG;21868;4068822212649;2026-07-13
JZ4946;JZ4946-1.webp;JZ4946-2.webp;CALZA ADIDAS OPT ROSA;ADIDAS;Indumentaria inferior;Prendas;mujer;L;ROSA;1;320000;PYG;21872;4068815280594;2026-07-13
JZ4946;JZ4946-1.webp;JZ4946-2.webp;CALZA ADIDAS OPT ROSA;ADIDAS;Indumentaria inferior;Prendas;mujer;S;ROSA;1;320000;PYG;21872;4068815280525;2026-07-13
JZ4946;JZ4946-1.webp;JZ4946-2.webp;CALZA ADIDAS OPT ROSA;ADIDAS;Indumentaria inferior;Prendas;mujer;XS;ROSA;1;320000;PYG;21872;4068815284325;2026-07-13
JW5132;JW5132-1.webp;JW5132-2.webp;TOP ADIDAS AERCT ROSA;ADIDAS;Indumentaria superior;Prendas;mujer;XS;ROSA;1;255000;PYG;21870;4068809624939;2026-07-13
JW5132;JW5132-1.webp;JW5132-2.webp;TOP ADIDAS AERCT ROSA;ADIDAS;Indumentaria superior;Prendas;mujer;M;ROSA;1;255000;PYG;21870;4068809625011;2026-07-13
JW5132;JW5132-1.webp;JW5132-2.webp;TOP ADIDAS AERCT ROSA;ADIDAS;Indumentaria superior;Prendas;mujer;S;ROSA;2;255000;PYG;21870;4068809624977;2026-07-13
JW5132;JW5132-1.webp;JW5132-2.webp;TOP ADIDAS AERCT ROSA;ADIDAS;Indumentaria superior;Prendas;mujer;L;ROSA;1;255000;PYG;21870;4068809625004;2026-07-13
KC5215;KC5215-1.webp;KC5215-2.webp;HOODDIE ADIDAS 3S VERDE;ADIDAS;Conjuntos y abrigos;Prendas;mujer;S;VERDE;1;450000;PYG;21875;4068805199356;2026-07-13
KC5215;KC5215-1.webp;KC5215-2.webp;HOODDIE ADIDAS 3S VERDE;ADIDAS;Conjuntos y abrigos;Prendas;mujer;L;VERDE;1;450000;PYG;21875;4068805203107;2026-07-13
KC5215;KC5215-1.webp;KC5215-2.webp;HOODDIE ADIDAS 3S VERDE;ADIDAS;Conjuntos y abrigos;Prendas;mujer;M;VERDE;1;450000;PYG;21875;4068805203176;2026-07-13
JE3771;JE3771-1.webp;JE3771-2.webp;TOP ADIDAS BLANCO;ADIDAS;Indumentaria superior;Prendas;mujer;L;BLANCO;1;230000;PYG;21874;4067893045163;2026-07-13
JE3771;JE3771-1.webp;JE3771-2.webp;TOP ADIDAS BLANCO;ADIDAS;Indumentaria superior;Prendas;mujer;S;BLANCO;2;230000;PYG;21874;4067893049055;2026-07-13
JE3771;JE3771-1.webp;JE3771-2.webp;TOP ADIDAS BLANCO;ADIDAS;Indumentaria superior;Prendas;mujer;XS;BLANCO;1;230000;PYG;21874;4067893049048;2026-07-13
IH6864;IH6864-1.webp;IH6864-2.webp;ADIDAS RUNFALCON 5 AZUL/NEGRO;ADIDAS;Calzado deportivo;Calzados;hombre;4;AZUL;1;320000;PYG;21847;4068808171953;2026-07-13
IH6864;IH6864-1.webp;IH6864-2.webp;ADIDAS RUNFALCON 5 AZUL/NEGRO;ADIDAS;Calzado deportivo;Calzados;hombre;9;AZUL;1;320000;PYG;21847;4068808171960;2026-07-13
IH6864;IH6864-1.webp;IH6864-2.webp;ADIDAS RUNFALCON 5 AZUL/NEGRO;ADIDAS;Calzado deportivo;Calzados;hombre;5;AZUL;1;320000;PYG;21847;4068808172028;2026-07-13
IH6864;IH6864-1.webp;IH6864-2.webp;ADIDAS RUNFALCON 5 AZUL/NEGRO;ADIDAS;Calzado deportivo;Calzados;hombre;10;AZUL;1;320000;PYG;21847;4068808171984;2026-07-13
IH6864;IH6864-1.webp;IH6864-2.webp;ADIDAS RUNFALCON 5 AZUL/NEGRO;ADIDAS;Calzado deportivo;Calzados;hombre;6;AZUL;2;320000;PYG;21847;4068808171939;2026-07-13
IH6864;IH6864-1.webp;IH6864-2.webp;ADIDAS RUNFALCON 5 AZUL/NEGRO;ADIDAS;Calzado deportivo;Calzados;hombre;8;AZUL;2;320000;PYG;21847;4068808171991;2026-07-13
KC0440;KC0440-1.webp;KC0440-2.webp;SHORT ADIDAS VERDE;ADIDAS;Indumentaria inferior;Prendas;mujer;XS;VERDE;1;260000;PYG;21876;4068822213325;2026-07-13
KC0440;KC0440-1.webp;KC0440-2.webp;SHORT ADIDAS VERDE;ADIDAS;Indumentaria inferior;Prendas;mujer;S;VERDE;2;260000;PYG;21876;4068822209649;2026-07-13
KC0440;KC0440-1.webp;KC0440-2.webp;SHORT ADIDAS VERDE;ADIDAS;Indumentaria inferior;Prendas;mujer;L;VERDE;1;260000;PYG;21876;4068822213295;2026-07-13
JZ0825;JZ0825-1.webp;JZ0825-2.webp;CALZA ADIDAS OPT VERDE;ADIDAS;Indumentaria inferior;Prendas;mujer;S;VERDE;1;320000;PYG;21880;4068815404761;2026-07-13
JZ0825;JZ0825-1.webp;JZ0825-2.webp;CALZA ADIDAS OPT VERDE;ADIDAS;Indumentaria inferior;Prendas;mujer;XS;VERDE;1;320000;PYG;21880;4068815405652;2026-07-13
JZ0825;JZ0825-1.webp;JZ0825-2.webp;CALZA ADIDAS OPT VERDE;ADIDAS;Indumentaria inferior;Prendas;mujer;L;VERDE;1;320000;PYG;21880;4068815405669;2026-07-13
KC5556;KC5556-1.webp;KC5556-2.webp;REMERA ADIDAS LOGO VERDE;ADIDAS;Indumentaria superior;Prendas;mujer;S;VERDE;1;260000;PYG;21881;4068822132947;2026-07-13
KC5556;KC5556-1.webp;KC5556-2.webp;REMERA ADIDAS LOGO VERDE;ADIDAS;Indumentaria superior;Prendas;mujer;M;VERDE;1;260000;PYG;21881;4068822132930;2026-07-13
KC5556;KC5556-1.webp;KC5556-2.webp;REMERA ADIDAS LOGO VERDE;ADIDAS;Indumentaria superior;Prendas;mujer;XS;VERDE;1;260000;PYG;21881;4068822132992;2026-07-13
KC5556;KC5556-1.webp;KC5556-2.webp;REMERA ADIDAS LOGO VERDE;ADIDAS;Indumentaria superior;Prendas;mujer;L;VERDE;1;260000;PYG;21881;4068822132954;2026-07-13
JF1105;JF1105-1.webp;JF1105-2.webp;BUZO ADIDAS NEGRO;ADIDAS;Conjuntos y abrigos;Prendas;hombre;XL;NEGRO;1;320000;PYG;17488;4067905812967;2026-07-13
JF1105;JF1105-1.webp;JF1105-2.webp;BUZO ADIDAS NEGRO;ADIDAS;Conjuntos y abrigos;Prendas;hombre;M;NEGRO;1;320000;PYG;17488;4067905812974;2026-07-13
JF1105;JF1105-1.webp;JF1105-2.webp;BUZO ADIDAS NEGRO;ADIDAS;Conjuntos y abrigos;Prendas;hombre;S;NEGRO;1;320000;PYG;17488;4067905812998;2026-07-13
KA2475;KA2475-1.webp;KA2475-2.webp;REMERA ADIDAS CREW NEGRO;ADIDAS;Indumentaria superior;Prendas;mujer;L;NEGRO;1;190000;PYG;21857;4068822164047;2026-07-13
KD7983;KD7983-1.webp;KD7983-2.webp;CAMPERA ADIDAS LOOSE NEGRO/BLANCO;ADIDAS;Conjuntos y abrigos;Prendas;mujer;S;NEGRO;2;550000;PYG;21853;4068821748507;2026-07-13
KD7983;KD7983-1.webp;KD7983-2.webp;CAMPERA ADIDAS LOOSE NEGRO/BLANCO;ADIDAS;Conjuntos y abrigos;Prendas;mujer;M;NEGRO;4;550000;PYG;21853;4068821751934;2026-07-13
KD7983;KD7983-1.webp;KD7983-2.webp;CAMPERA ADIDAS LOOSE NEGRO/BLANCO;ADIDAS;Conjuntos y abrigos;Prendas;mujer;XS;NEGRO;2;550000;PYG;21853;4068821751941;2026-07-13
JF1108;JF1108-1.webp;JF1108-2.webp;PANTALON ADIDAS SL AZUL/BLANCO;ADIDAS;Indumentaria inferior;Prendas;hombre;M;AZUL;4;320000;PYG;21852;4067905797455;2026-07-13
JF1108;JF1108-1.webp;JF1108-2.webp;PANTALON ADIDAS SL AZUL/BLANCO;ADIDAS;Indumentaria inferior;Prendas;hombre;L;AZUL;3;320000;PYG;21852;4067905797448;2026-07-13
JF1108;JF1108-1.webp;JF1108-2.webp;PANTALON ADIDAS SL AZUL/BLANCO;ADIDAS;Indumentaria inferior;Prendas;hombre;XL;AZUL;1;320000;PYG;21852;4067905801060;2026-07-13
JF1108;JF1108-1.webp;JF1108-2.webp;PANTALON ADIDAS SL AZUL/BLANCO;ADIDAS;Indumentaria inferior;Prendas;hombre;S;AZUL;1;320000;PYG;21852;4067905801091;2026-07-13
KE3215;KE3215-1.webp;KE3215-2.webp;CAMPERA ADIDAS ESS NEGRO;ADIDAS;Conjuntos y abrigos;Prendas;mujer;M;NEGRO;2;490000;PYG;21854;4068821179073;2026-07-13
KE3215;KE3215-1.webp;KE3215-2.webp;CAMPERA ADIDAS ESS NEGRO;ADIDAS;Conjuntos y abrigos;Prendas;mujer;L;NEGRO;1;490000;PYG;21854;4068821178946;2026-07-13
KE3215;KE3215-1.webp;KE3215-2.webp;CAMPERA ADIDAS ESS NEGRO;ADIDAS;Conjuntos y abrigos;Prendas;mujer;S;NEGRO;2;490000;PYG;21854;4068821175303;2026-07-13
KC7914;KC7914-1.webp;KC7914-2.webp;REMERA ADIDAS FLAG ROJO;ADIDAS;Indumentaria superior;Prendas;hombre;S;ROJO;1;295000;PYG;21855;4068822173605;2026-07-13
KC7914;KC7914-1.webp;KC7914-2.webp;REMERA ADIDAS FLAG ROJO;ADIDAS;Indumentaria superior;Prendas;hombre;XL;ROJO;1;295000;PYG;21855;4068822173551;2026-07-13
KA7262;KA7262-1.webp;KA7262-2.webp;TOP ADIDAS ROSA;ADIDAS;Indumentaria superior;Prendas;mujer;L;ROSA;1;295000;PYG;21862;4068819772026;2026-07-13
KA7262;KA7262-1.webp;KA7262-2.webp;TOP ADIDAS ROSA;ADIDAS;Indumentaria superior;Prendas;mujer;S;ROSA;2;295000;PYG;21862;4068819772132;2026-07-13
JV7357;JV7357-1.webp;JV7357-2.webp;CONJUNTO ADIDAS 3S GRIS/AZUL;ADIDAS;Conjuntos y abrigos;Prendas;;XXS;GRIS;2;230000;PYG;21861;4068808194938;2026-07-13
JV7357;JV7357-1.webp;JV7357-2.webp;CONJUNTO ADIDAS 3S GRIS/AZUL;ADIDAS;Conjuntos y abrigos;Prendas;;XS;GRIS;2;230000;PYG;21861;4068808194914;2026-07-13
JV7357;JV7357-1.webp;JV7357-2.webp;CONJUNTO ADIDAS 3S GRIS/AZUL;ADIDAS;Conjuntos y abrigos;Prendas;;5;GRIS;2;230000;PYG;21861;4068808194969;2026-07-13
KB6989;KB6989-1.webp;KB6989-2.webp;CONJUNTO ADIDAS LG KID BLANCO/VERDE;ADIDAS;Conjuntos y abrigos;Prendas;mujer;3;BLANCO;1;295000;PYG;21860;4068819627845;2026-07-13
KB6989;KB6989-1.webp;KB6989-2.webp;CONJUNTO ADIDAS LG KID BLANCO/VERDE;ADIDAS;Conjuntos y abrigos;Prendas;mujer;4;BLANCO;1;295000;PYG;21860;4068819627814;2026-07-13
KB6989;KB6989-1.webp;KB6989-2.webp;CONJUNTO ADIDAS LG KID BLANCO/VERDE;ADIDAS;Conjuntos y abrigos;Prendas;mujer;2;BLANCO;1;295000;PYG;21860;4068819627869;2026-07-13
KB6989;KB6989-1.webp;KB6989-2.webp;CONJUNTO ADIDAS LG KID BLANCO/VERDE;ADIDAS;Conjuntos y abrigos;Prendas;mujer;XXS;BLANCO;1;295000;PYG;21860;4068819627883;2026-07-13
JV5931;JV5931-1.webp;JV5931-2.webp;MEDIA ADIDAS RUN BOOST LILA;ADIDAS;Medias;Accesorios;hombre;M;LILA;1;100000;PYG;21629;4068811028671;2026-06-22
JV5931;JV5931-1.webp;JV5931-2.webp;MEDIA ADIDAS RUN BOOST LILA;ADIDAS;Medias;Accesorios;hombre;L;LILA;1;100000;PYG;21629;4068811028688;2026-06-22
U23EQ045444U;U23EQ045444U-1.webp;U23EQ045444U-2.webp;CINTA CAPITAN UMBRO ROJO;UMBRO;Accesorios;Accesorios;unisex;1;ROJO;6;65000;PYG;22084;7909526990853;2026-08-05
21334UMZZZ;21334UMZZZ-1.webp;21334UMZZZ-2.webp;GUANTE UMBRO GRIS/ROJO;UMBRO;Accesorios;Accesorios;unisex;7;GRIS;2;110000;PYG;22080;5057807501808;2026-08-05
21334UMZZZ;21334UMZZZ-1.webp;21334UMZZZ-2.webp;GUANTE UMBRO GRIS/ROJO;UMBRO;Accesorios;Accesorios;unisex;5;GRIS;1;110000;PYG;22080;5057807501785;2026-08-05
HM5750100;HM5750100-1.webp;HM5750100-2.webp;KEPI JORDAN BLANCO;JORDAN;Accesorios;Accesorios;hombre;M;BLANCO;3;170000;PYG;15824;197860180215;2026-06-22
HM5750100;HM5750100-1.webp;HM5750100-2.webp;KEPI JORDAN BLANCO;JORDAN;Accesorios;Accesorios;hombre;S;BLANCO;1;170000;PYG;15824;197860189690;2026-06-22
84350677;84350677-1.webp;84350677-2.webp;MOCHILA CAT GRIS/NEGRO;CAT;Bolsos y mochilas;Accesorios;unisex;1;GRIS;4;390000;PYG;20938;5711013168766;2026-04-26
TT32PS001;TT32PS001-1.webp;TT32PS001-2.webp;Vaso Hydro Negro 32 Oz;HYDRO FLASK;Hidratación y accesorios;Prendas;unisex;1;Negro;2;245000;PYG;14609;810096856715;2026-04-14
TT32PS332;TT32PS332-1.webp;TT32PS332-2.webp;Vaso Hydro Verde 32 Oz;HYDRO FLASK;Hidratación y accesorios;Prendas;unisex;1;Verde;1;245000;PYG;14612;840394200200;2026-04-14
S21FS162;S21FS162-1.webp;S21FS162-2.webp;Hoppy Hydro Amarillo 21 Oz;HYDRO FLASK;Hidratación y accesorios;Prendas;unisex;1;Amarillo;2;240000;PYG;14626;810096856869;2026-04-14
VN000C32BA5;VN000C32BA5-1.webp;VN000C32BA5-2.webp;Billetera Vans;VANS;Bolsos y mochilas;Prendas;unisex;1;;1;105000;PYG;2202;192828764636;2026-04-14
WR8410701001;WR8410701001-1.webp;WR8410701001-2.webp;Confort Overgrip Wilson;WILSON;Hidratación y accesorios;Accesorios;unisex;1;;339;10000;PYG;3842;097512521611;2026-04-14
OBWA231918;OBWA231918-1.webp;OBWA231918-2.webp;Media Olympikus Corre Negro;OLYMPIKUS;Medias;Prendas;unisex;39;Negro;1;80000;PYG;18653;7892841892578;2026-04-14
HV1076100;HV1076100-1.webp;HV1076100-2.webp;Kepi Jordan Verde;JORDAN;Cabeza y cuello;Prendas;unisex;M;Verde;1;220000;PYG;20048;198484698803;2026-04-14
HV1076100;HV1076100-1.webp;HV1076100-2.webp;Kepi Jordan Verde;JORDAN;Cabeza y cuello;Prendas;unisex;S;Verde;1;220000;PYG;20048;198484680457;2026-04-14
CP031;CP031-1.webp;CP031-2.webp;Protector De Zapatillas Crep;CREP PROTECT;Hidratación y accesorios;Accesorios;unisex;UNICO;;3;100000;PYG;13707;5056243300853;2026-04-14
DX9632010;DX9632010-1.webp;DX9632010-2.webp;MEDIA JORDAN 3 1/4 NEGRA;JORDAN;Medias;Accesorios;unisex;M;NEGRA;1;160000;PYG;7807;196152693839;2026-04-14
5214111710;5214111710-1.webp;5214111710-2.webp;Pelota Penalty Fs Lider Blanco/Naranja;PENALTY;Pelotas y redes;Prendas;unisex;5;Blanco;6;220000;PYG;20154;7909342726537;2026-04-14
321M85W005;321M85W005-1.webp;321M85W005-2.webp;Bolson Kappa Negro;KAPPA;Bolsos y mochilas;Prendas;unisex;M;Negro;1;250000;PYG;17982;8058347113367;2026-04-14
65AA015G;65AA015G-1.webp;65AA015G-2.webp;Mochila Wilson Verde/Gris;WILSON;Bolsos y mochilas;Prendas;unisex;1;Verde;4;110000;PYG;19380;6650101015072;2026-04-14
65NO000G;65NO000G-1.webp;65NO000G-2.webp;Mochila Wilson Verde/Negro;WILSON;Bolsos y mochilas;Prendas;unisex;1;Verde;1;170000;PYG;19352;6651415000075;2026-04-14
800233214502;800233214502-1.webp;800233214502-2.webp;Lentes De Natacion Biofuse 2.0;SIN MARCA;Natación;Prendas;unisex;UNICO;;8;160000;PYG;18552;5059937275550;2026-04-14
870338B916;870338B916-1.webp;870338B916-2.webp;Tapon Para Los Oidos Ergo;SIN MARCA;Natación;Prendas;unisex;UNICO;;3;50000;PYG;18553;5053744269733;2026-04-14
870338B916;870338B916-1.webp;870338B916-2.webp;Tapon Para Los Oidos Ergo;SIN MARCA;Natación;Prendas;unisex;1;;2;50000;PYG;18553;5053744293400;2026-04-14
B7G2000M3P;B7G2000M3P-1.webp;B7G2000M3P-2.webp;Molten Rubber Basket Fiba;MOLTEN;Pelotas y redes;Prendas;unisex;7;;11;130000;PYG;20417;4570031009038;2026-04-14
84059551;84059551-1.webp;84059551-2.webp;Bandolera Cat Verde;CAT;Bolsos y mochilas;Prendas;unisex;UNICO;Verde;1;230000;PYG;14063;5711013129453;2026-04-14
1380922490;1380922490-1.webp;1380922490-2.webp;Bandolera Under Celeste/Rosa;UNDER ARMOUR;Bolsos y mochilas;Accesorios;unisex;1;Celeste;3;330000;PYG;11247;196883131822;2026-04-14
